name,sex,births,year
Emily,F,178,1998
Emily,F,285,1999
Emily,F,262,2000
Emily,F,287,2001
Emily,F,278,2002
Emily,F,273,2003
Emily,F,346,2004
Emily,F,385,2005
Emily,F,396,2006
Emily,F,475,2007
Emily,F,599,2008
Emily,F,500,2009
Emily,F,605,2010
Emily,F,596,2011
Emily,F,626,2012
Emily,F,625,2013
Emily,F,619,2014
Emily,F,626,2015
Emily,F,490,2016
Emily,F,459,2017
Emma,F,514,1998
Emma,F,549,1999
Emma,F,594,2000
Emma,F,592,2001
Emma,F,532,2002
Emma,F,791,2003
Emma,F,787,2004
Emma,F,703,2005
Emma,F,593,2006
Emma,F,632,2007
Emma,F,637,2008
Emma,F,627,2009
Emma,F,571,2010
Emma,F,562,2011
Emma,F,497,2012
Emma,F,499,2013
Emma,F,441,2014
Emma,F,449,2015
Emma,F,365,2016
Emma,F,393,2017
Sophie,F,242,1998
Sophie,F,252,1999
Sophie,F,266,2000
Sophie,F,303,2001
Sophie,F,404,2002
Sophie,F,432,2003
Sophie,F,468,2004
Sophie,F,451,2005
Sophie,F,497,2006
Sophie,F,556,2007
Sophie,F,582,2008
Sophie,F,640,2009
Sophie,F,608,2010
Sophie,F,582,2011
Sophie,F,577,2012
Sophie,F,497,2013
Sophie,F,468,2014
Sophie,F,407,2015
Sophie,F,369,2016
Sophie,F,364,2017
Ella,F,39,1998
Ella,F,60,1999
Ella,F,75,2000
Ella,F,112,2001
Ella,F,204,2002
Ella,F,327,2003
Ella,F,381,2004
Ella,F,405,2005
Ella,F,447,2006
Ella,F,601,2007
Ella,F,407,2008
Ella,F,346,2009
Ella,F,380,2010
Ella,F,434,2011
Ella,F,445,2012
Ella,F,478,2013
Ella,F,398,2014
Ella,F,384,2015
Ella,F,331,2016
Ella,F,286,2017
Amelia,F,10,1998
Amelia,F,11,1999
Amelia,F,11,2000
Amelia,F,10,2001
Amelia,F,18,2002
Amelia,F,25,2003
Amelia,F,53,2004
Amelia,F,63,2005
Amelia,F,80,2006
Amelia,F,141,2007
Amelia,F,173,2008
Amelia,F,197,2009
Amelia,F,216,2010
Amelia,F,235,2011
Amelia,F,409,2012
Amelia,F,429,2013
Amelia,F,388,2014
Amelia,F,400,2015
Amelia,F,369,2016
Amelia,F,371,2017
Aoife,F,529,1998
Aoife,F,612,1999
Aoife,F,633,2000
Aoife,F,601,2001
Aoife,F,585,2002
Aoife,F,571,2003
Aoife,F,534,2004
Aoife,F,492,2005
Aoife,F,546,2006
Aoife,F,527,2007
Aoife,F,518,2008
Aoife,F,459,2009
Aoife,F,425,2010
Aoife,F,399,2011
Aoife,F,426,2012
Aoife,F,424,2013
Aoife,F,364,2014
Aoife,F,321,2015
Aoife,F,300,2016
Aoife,F,256,2017
Ava,F,41,1998
Ava,F,77,1999
Ava,F,103,2000
Ava,F,137,2001
Ava,F,216,2002
Ava,F,255,2003
Ava,F,308,2004
Ava,F,339,2005
Ava,F,463,2006
Ava,F,555,2007
Ava,F,695,2008
Ava,F,635,2009
Ava,F,501,2010
Ava,F,446,2011
Ava,F,440,2012
Ava,F,410,2013
Ava,F,404,2014
Ava,F,421,2015
Ava,F,388,2016
Ava,F,315,2017
Lucy,F,89,1998
Lucy,F,105,1999
Lucy,F,136,2000
Lucy,F,157,2001
Lucy,F,169,2002
Lucy,F,203,2003
Lucy,F,276,2004
Lucy,F,275,2005
Lucy,F,390,2006
Lucy,F,404,2007
Lucy,F,418,2008
Lucy,F,463,2009
Lucy,F,543,2010
Lucy,F,463,2011
Lucy,F,439,2012
Lucy,F,397,2013
Lucy,F,369,2014
Lucy,F,379,2015
Lucy,F,388,2016
Lucy,F,349,2017
Grace,F,135,1998
Grace,F,166,1999
Grace,F,172,2000
Grace,F,200,2001
Grace,F,191,2002
Grace,F,258,2003
Grace,F,295,2004
Grace,F,369,2005
Grace,F,450,2006
Grace,F,473,2007
Grace,F,566,2008
Grace,F,528,2009
Grace,F,489,2010
Grace,F,503,2011
Grace,F,461,2012
Grace,F,395,2013
Grace,F,408,2014
Grace,F,367,2015
Grace,F,452,2016
Grace,F,371,2017
Sarah,F,537,1998
Sarah,F,595,1999
Sarah,F,626,2000
Sarah,F,650,2001
Sarah,F,655,2002
Sarah,F,606,2003
Sarah,F,561,2004
Sarah,F,642,2005
Sarah,F,698,2006
Sarah,F,656,2007
Sarah,F,651,2008
Sarah,F,568,2009
Sarah,F,537,2010
Sarah,F,466,2011
Sarah,F,430,2012
Sarah,F,391,2013
Sarah,F,343,2014
Sarah,F,297,2015
Sarah,F,290,2016
Sarah,F,244,2017
Mia,F,10,1998
Mia,F,22,1999
Mia,F,41,2000
Mia,F,73,2001
Mia,F,119,2002
Mia,F,131,2003
Mia,F,163,2004
Mia,F,192,2005
Mia,F,235,2006
Mia,F,275,2007
Mia,F,299,2008
Mia,F,362,2009
Mia,F,344,2010
Mia,F,400,2011
Mia,F,446,2012
Mia,F,374,2013
Mia,F,370,2014
Mia,F,360,2015
Mia,F,357,2016
Mia,F,325,2017
Anna,F,133,1998
Anna,F,171,1999
Anna,F,193,2000
Anna,F,232,2001
Anna,F,247,2002
Anna,F,265,2003
Anna,F,245,2004
Anna,F,290,2005
Anna,F,320,2006
Anna,F,316,2007
Anna,F,342,2008
Anna,F,357,2009
Anna,F,378,2010
Anna,F,348,2011
Anna,F,296,2012
Anna,F,352,2013
Anna,F,314,2014
Anna,F,297,2015
Anna,F,288,2016
Anna,F,293,2017
Chloe,F,575,1998
Chloe,F,615,1999
Chloe,F,553,2000
Chloe,F,556,2001
Chloe,F,516,2002
Chloe,F,412,2003
Chloe,F,453,2004
Chloe,F,440,2005
Chloe,F,375,2006
Chloe,F,388,2007
Chloe,F,453,2008
Chloe,F,411,2009
Chloe,F,441,2010
Chloe,F,437,2011
Chloe,F,345,2012
Chloe,F,346,2013
Chloe,F,328,2014
Chloe,F,362,2015
Chloe,F,288,2016
Chloe,F,304,2017
Hannah,F,236,1998
Hannah,F,242,1999
Hannah,F,299,2000
Hannah,F,343,2001
Hannah,F,368,2002
Hannah,F,340,2003
Hannah,F,340,2004
Hannah,F,350,2005
Hannah,F,357,2006
Hannah,F,407,2007
Hannah,F,390,2008
Hannah,F,321,2009
Hannah,F,333,2010
Hannah,F,349,2011
Hannah,F,368,2012
Hannah,F,340,2013
Hannah,F,337,2014
Hannah,F,338,2015
Hannah,F,351,2016
Hannah,F,338,2017
Kate,F,197,1998
Kate,F,246,1999
Kate,F,263,2000
Kate,F,258,2001
Kate,F,301,2002
Kate,F,295,2003
Kate,F,342,2004
Kate,F,284,2005
Kate,F,307,2006
Kate,F,426,2007
Kate,F,419,2008
Kate,F,364,2009
Kate,F,348,2010
Kate,F,350,2011
Kate,F,316,2012
Kate,F,328,2013
Kate,F,290,2014
Kate,F,283,2015
Kate,F,302,2016
Kate,F,261,2017
Ruby,F,17,1998
Ruby,F,12,1999
Ruby,F,16,2000
Ruby,F,23,2001
Ruby,F,23,2002
Ruby,F,42,2003
Ruby,F,41,2004
Ruby,F,99,2005
Ruby,F,158,2006
Ruby,F,222,2007
Ruby,F,305,2008
Ruby,F,353,2009
Ruby,F,325,2010
Ruby,F,323,2011
Ruby,F,302,2012
Ruby,F,317,2013
Ruby,F,265,2014
Ruby,F,211,2015
Ruby,F,186,2016
Ruby,F,169,2017
Lily,F,13,1998
Lily,F,17,1999
Lily,F,28,2000
Lily,F,53,2001
Lily,F,58,2002
Lily,F,66,2003
Lily,F,101,2004
Lily,F,119,2005
Lily,F,153,2006
Lily,F,232,2007
Lily,F,248,2008
Lily,F,336,2009
Lily,F,371,2010
Lily,F,496,2011
Lily,F,449,2012
Lily,F,309,2013
Lily,F,350,2014
Lily,F,341,2015
Lily,F,334,2016
Lily,F,289,2017
Katie,F,319,1998
Katie,F,378,1999
Katie,F,398,2000
Katie,F,422,2001
Katie,F,418,2002
Katie,F,468,2003
Katie,F,574,2004
Katie,F,575,2005
Katie,F,571,2006
Katie,F,566,2007
Katie,F,667,2008
Katie,F,502,2009
Katie,F,451,2010
Katie,F,436,2011
Katie,F,353,2012
Katie,F,301,2013
Katie,F,301,2014
Katie,F,247,2015
Katie,F,251,2016
Katie,F,193,2017
Caoimhe,F,184,1998
Caoimhe,F,236,1999
Caoimhe,F,253,2000
Caoimhe,F,274,2001
Caoimhe,F,272,2002
Caoimhe,F,357,2003
Caoimhe,F,357,2004
Caoimhe,F,345,2005
Caoimhe,F,363,2006
Caoimhe,F,361,2007
Caoimhe,F,355,2008
Caoimhe,F,326,2009
Caoimhe,F,323,2010
Caoimhe,F,398,2011
Caoimhe,F,334,2012
Caoimhe,F,292,2013
Caoimhe,F,242,2014
Caoimhe,F,252,2015
Caoimhe,F,256,2016
Caoimhe,F,223,2017
Sophia,F,24,1998
Sophia,F,37,1999
Sophia,F,38,2000
Sophia,F,35,2001
Sophia,F,46,2002
Sophia,F,51,2003
Sophia,F,81,2004
Sophia,F,65,2005
Sophia,F,87,2006
Sophia,F,137,2007
Sophia,F,126,2008
Sophia,F,147,2009
Sophia,F,218,2010
Sophia,F,251,2011
Sophia,F,299,2012
Sophia,F,289,2013
Sophia,F,316,2014
Sophia,F,251,2015
Sophia,F,243,2016
Sophia,F,245,2017
Lauren,F,363,1998
Lauren,F,452,1999
Lauren,F,451,2000
Lauren,F,477,2001
Lauren,F,402,2002
Lauren,F,311,2003
Lauren,F,318,2004
Lauren,F,312,2005
Lauren,F,320,2006
Lauren,F,283,2007
Lauren,F,343,2008
Lauren,F,371,2009
Lauren,F,339,2010
Lauren,F,305,2011
Lauren,F,290,2012
Lauren,F,279,2013
Lauren,F,261,2014
Lauren,F,265,2015
Lauren,F,224,2016
Lauren,F,152,2017
Saoirse,F,117,1998
Saoirse,F,160,1999
Saoirse,F,176,2000
Saoirse,F,192,2001
Saoirse,F,181,2002
Saoirse,F,172,2003
Saoirse,F,176,2004
Saoirse,F,186,2005
Saoirse,F,217,2006
Saoirse,F,247,2007
Saoirse,F,279,2008
Saoirse,F,275,2009
Saoirse,F,355,2010
Saoirse,F,339,2011
Saoirse,F,317,2012
Saoirse,F,264,2013
Saoirse,F,263,2014
Saoirse,F,282,2015
Saoirse,F,324,2016
Saoirse,F,281,2017
Ellie,F,18,1998
Ellie,F,21,1999
Ellie,F,32,2000
Ellie,F,54,2001
Ellie,F,122,2002
Ellie,F,153,2003
Ellie,F,169,2004
Ellie,F,193,2005
Ellie,F,215,2006
Ellie,F,227,2007
Ellie,F,208,2008
Ellie,F,211,2009
Ellie,F,265,2010
Ellie,F,293,2011
Ellie,F,250,2012
Ellie,F,256,2013
Ellie,F,288,2014
Ellie,F,233,2015
Ellie,F,254,2016
Ellie,F,243,2017
Holly,F,51,1998
Holly,F,101,1999
Holly,F,84,2000
Holly,F,107,2001
Holly,F,171,2002
Holly,F,213,2003
Holly,F,253,2004
Holly,F,228,2005
Holly,F,203,2006
Holly,F,224,2007
Holly,F,264,2008
Holly,F,326,2009
Holly,F,380,2010
Holly,F,297,2011
Holly,F,312,2012
Holly,F,245,2013
Holly,F,266,2014
Holly,F,208,2015
Holly,F,239,2016
Holly,F,195,2017
Leah,F,146,1998
Leah,F,185,1999
Leah,F,302,2000
Leah,F,374,2001
Leah,F,351,2002
Leah,F,395,2003
Leah,F,424,2004
Leah,F,427,2005
Leah,F,444,2006
Leah,F,364,2007
Leah,F,402,2008
Leah,F,358,2009
Leah,F,369,2010
Leah,F,350,2011
Leah,F,287,2012
Leah,F,232,2013
Leah,F,207,2014
Leah,F,187,2015
Leah,F,191,2016
Leah,F,192,2017
Amy,F,353,1998
Amy,F,420,1999
Amy,F,451,2000
Amy,F,447,2001
Amy,F,485,2002
Amy,F,410,2003
Amy,F,546,2004
Amy,F,510,2005
Amy,F,396,2006
Amy,F,415,2007
Amy,F,355,2008
Amy,F,385,2009
Amy,F,371,2010
Amy,F,289,2011
Amy,F,253,2012
Amy,F,226,2013
Amy,F,191,2014
Amy,F,185,2015
Amy,F,133,2016
Amy,F,136,2017
Olivia,F,43,1998
Olivia,F,112,1999
Olivia,F,88,2000
Olivia,F,84,2001
Olivia,F,74,2002
Olivia,F,70,2003
Olivia,F,83,2004
Olivia,F,99,2005
Olivia,F,120,2006
Olivia,F,172,2007
Olivia,F,190,2008
Olivia,F,197,2009
Olivia,F,271,2010
Olivia,F,252,2011
Olivia,F,230,2012
Olivia,F,222,2013
Olivia,F,287,2014
Olivia,F,297,2015
Olivia,F,303,2016
Olivia,F,294,2017
Jessica,F,233,1998
Jessica,F,227,1999
Jessica,F,260,2000
Jessica,F,262,2001
Jessica,F,302,2002
Jessica,F,292,2003
Jessica,F,264,2004
Jessica,F,311,2005
Jessica,F,322,2006
Jessica,F,298,2007
Jessica,F,304,2008
Jessica,F,257,2009
Jessica,F,245,2010
Jessica,F,246,2011
Jessica,F,236,2012
Jessica,F,215,2013
Jessica,F,173,2014
Jessica,F,160,2015
Jessica,F,131,2016
Jessica,F,150,2017
Ciara,F,539,1998
Ciara,F,585,1999
Ciara,F,608,2000
Ciara,F,552,2001
Ciara,F,577,2002
Ciara,F,535,2003
Ciara,F,500,2004
Ciara,F,484,2005
Ciara,F,408,2006
Ciara,F,410,2007
Ciara,F,400,2008
Ciara,F,337,2009
Ciara,F,364,2010
Ciara,F,284,2011
Ciara,F,227,2012
Ciara,F,214,2013
Ciara,F,198,2014
Ciara,F,205,2015
Ciara,F,158,2016
Ciara,F,139,2017
Zoe,F,65,1998
Zoe,F,69,1999
Zoe,F,115,2000
Zoe,F,129,2001
Zoe,F,133,2002
Zoe,F,136,2003
Zoe,F,132,2004
Zoe,F,150,2005
Zoe,F,141,2006
Zoe,F,135,2007
Zoe,F,162,2008
Zoe,F,188,2009
Zoe,F,170,2010
Zoe,F,204,2011
Zoe,F,196,2012
Zoe,F,211,2013
Zoe,F,173,2014
Zoe,F,204,2015
Zoe,F,219,2016
Zoe,F,189,2017
Isabelle,F,20,1998
Isabelle,F,20,1999
Isabelle,F,32,2000
Isabelle,F,46,2001
Isabelle,F,64,2002
Isabelle,F,51,2003
Isabelle,F,72,2004
Isabelle,F,98,2005
Isabelle,F,129,2006
Isabelle,F,167,2007
Isabelle,F,190,2008
Isabelle,F,233,2009
Isabelle,F,275,2010
Isabelle,F,265,2011
Isabelle,F,252,2012
Isabelle,F,207,2013
Isabelle,F,223,2014
Isabelle,F,224,2015
Isabelle,F,202,2016
Isabelle,F,197,2017
Niamh,F,492,1998
Niamh,F,571,1999
Niamh,F,519,2000
Niamh,F,477,2001
Niamh,F,407,2002
Niamh,F,370,2003
Niamh,F,421,2004
Niamh,F,375,2005
Niamh,F,350,2006
Niamh,F,340,2007
Niamh,F,344,2008
Niamh,F,314,2009
Niamh,F,292,2010
Niamh,F,249,2011
Niamh,F,185,2012
Niamh,F,204,2013
Niamh,F,169,2014
Niamh,F,143,2015
Niamh,F,157,2016
Niamh,F,132,2017
Molly,F,42,1998
Molly,F,74,1999
Molly,F,105,2000
Molly,F,172,2001
Molly,F,179,2002
Molly,F,163,2003
Molly,F,206,2004
Molly,F,261,2005
Molly,F,235,2006
Molly,F,281,2007
Molly,F,268,2008
Molly,F,268,2009
Molly,F,243,2010
Molly,F,229,2011
Molly,F,251,2012
Molly,F,197,2013
Molly,F,196,2014
Molly,F,202,2015
Molly,F,210,2016
Molly,F,185,2017
Julia,F,23,1998
Julia,F,23,1999
Julia,F,22,2000
Julia,F,28,2001
Julia,F,26,2002
Julia,F,32,2003
Julia,F,30,2004
Julia,F,61,2005
Julia,F,85,2006
Julia,F,140,2007
Julia,F,213,2008
Julia,F,236,2009
Julia,F,213,2010
Julia,F,213,2011
Julia,F,196,2012
Julia,F,186,2013
Julia,F,156,2014
Julia,F,130,2015
Julia,F,128,2016
Julia,F,133,2017
Robyn,F,53,1998
Robyn,F,76,1999
Robyn,F,80,2000
Robyn,F,100,2001
Robyn,F,82,2002
Robyn,F,117,2003
Robyn,F,122,2004
Robyn,F,126,2005
Robyn,F,108,2006
Robyn,F,125,2007
Robyn,F,141,2008
Robyn,F,137,2009
Robyn,F,180,2010
Robyn,F,163,2011
Robyn,F,166,2012
Robyn,F,183,2013
Robyn,F,187,2014
Robyn,F,237,2015
Robyn,F,201,2016
Robyn,F,200,2017
Erin,F,60,1998
Erin,F,58,1999
Erin,F,91,2000
Erin,F,120,2001
Erin,F,117,2002
Erin,F,135,2003
Erin,F,119,2004
Erin,F,158,2005
Erin,F,196,2006
Erin,F,189,2007
Erin,F,193,2008
Erin,F,204,2009
Erin,F,210,2010
Erin,F,159,2011
Erin,F,177,2012
Erin,F,180,2013
Erin,F,158,2014
Erin,F,136,2015
Erin,F,165,2016
Erin,F,109,2017
Roisin,F,213,1998
Roisin,F,254,1999
Roisin,F,245,2000
Roisin,F,239,2001
Roisin,F,228,2002
Roisin,F,222,2003
Roisin,F,237,2004
Roisin,F,280,2005
Roisin,F,233,2006
Roisin,F,233,2007
Roisin,F,250,2008
Roisin,F,257,2009
Roisin,F,224,2010
Roisin,F,223,2011
Roisin,F,229,2012
Roisin,F,178,2013
Roisin,F,162,2014
Roisin,F,226,2015
Roisin,F,186,2016
Roisin,F,151,2017
Freya,F,6,1999
Freya,F,8,2000
Freya,F,11,2001
Freya,F,9,2002
Freya,F,13,2003
Freya,F,19,2004
Freya,F,37,2005
Freya,F,44,2006
Freya,F,62,2007
Freya,F,59,2008
Freya,F,112,2009
Freya,F,119,2010
Freya,F,128,2011
Freya,F,144,2012
Freya,F,172,2013
Freya,F,163,2014
Freya,F,188,2015
Freya,F,168,2016
Freya,F,192,2017
Laura,F,357,1998
Laura,F,397,1999
Laura,F,315,2000
Laura,F,361,2001
Laura,F,349,2002
Laura,F,268,2003
Laura,F,261,2004
Laura,F,231,2005
Laura,F,248,2006
Laura,F,224,2007
Laura,F,245,2008
Laura,F,243,2009
Laura,F,198,2010
Laura,F,212,2011
Laura,F,191,2012
Laura,F,169,2013
Laura,F,132,2014
Laura,F,133,2015
Laura,F,112,2016
Laura,F,97,2017
Cara,F,21,1998
Cara,F,29,1999
Cara,F,48,2000
Cara,F,53,2001
Cara,F,48,2002
Cara,F,60,2003
Cara,F,76,2004
Cara,F,87,2005
Cara,F,91,2006
Cara,F,96,2007
Cara,F,115,2008
Cara,F,123,2009
Cara,F,144,2010
Cara,F,155,2011
Cara,F,148,2012
Cara,F,160,2013
Cara,F,165,2014
Cara,F,185,2015
Cara,F,181,2016
Cara,F,162,2017
Sofia,F,5,1998
Sofia,F,11,2000
Sofia,F,8,2001
Sofia,F,19,2002
Sofia,F,21,2003
Sofia,F,15,2004
Sofia,F,30,2005
Sofia,F,39,2006
Sofia,F,41,2007
Sofia,F,54,2008
Sofia,F,50,2009
Sofia,F,85,2010
Sofia,F,130,2011
Sofia,F,105,2012
Sofia,F,155,2013
Sofia,F,148,2014
Sofia,F,144,2015
Sofia,F,156,2016
Sofia,F,137,2017
Eva,F,59,1998
Eva,F,77,1999
Eva,F,82,2000
Eva,F,127,2001
Eva,F,112,2002
Eva,F,100,2003
Eva,F,127,2004
Eva,F,131,2005
Eva,F,146,2006
Eva,F,178,2007
Eva,F,196,2008
Eva,F,201,2009
Eva,F,176,2010
Eva,F,152,2011
Eva,F,160,2012
Eva,F,154,2013
Eva,F,147,2014
Eva,F,159,2015
Eva,F,166,2016
Eva,F,144,2017
Rachel,F,444,1998
Rachel,F,488,1999
Rachel,F,428,2000
Rachel,F,400,2001
Rachel,F,364,2002
Rachel,F,431,2003
Rachel,F,342,2004
Rachel,F,381,2005
Rachel,F,355,2006
Rachel,F,323,2007
Rachel,F,263,2008
Rachel,F,247,2009
Rachel,F,247,2010
Rachel,F,196,2011
Rachel,F,169,2012
Rachel,F,153,2013
Rachel,F,127,2014
Rachel,F,140,2015
Rachel,F,87,2016
Rachel,F,67,2017
Isabella,F,7,1998
Isabella,F,16,1999
Isabella,F,13,2000
Isabella,F,16,2001
Isabella,F,33,2002
Isabella,F,29,2003
Isabella,F,46,2004
Isabella,F,62,2005
Isabella,F,99,2006
Isabella,F,92,2007
Isabella,F,113,2008
Isabella,F,105,2009
Isabella,F,145,2010
Isabella,F,154,2011
Isabella,F,138,2012
Isabella,F,149,2013
Isabella,F,150,2014
Isabella,F,135,2015
Isabella,F,103,2016
Isabella,F,130,2017
Kayla,F,9,1998
Kayla,F,23,1999
Kayla,F,23,2000
Kayla,F,21,2001
Kayla,F,42,2002
Kayla,F,47,2003
Kayla,F,64,2004
Kayla,F,86,2005
Kayla,F,112,2006
Kayla,F,136,2007
Kayla,F,161,2008
Kayla,F,183,2009
Kayla,F,186,2010
Kayla,F,306,2011
Kayla,F,198,2012
Kayla,F,148,2013
Kayla,F,138,2014
Kayla,F,98,2015
Kayla,F,92,2016
Kayla,F,93,2017
Abbie,F,26,1998
Abbie,F,58,1999
Abbie,F,73,2000
Abbie,F,81,2001
Abbie,F,111,2002
Abbie,F,182,2003
Abbie,F,210,2004
Abbie,F,236,2005
Abbie,F,211,2006
Abbie,F,231,2007
Abbie,F,225,2008
Abbie,F,176,2009
Abbie,F,176,2010
Abbie,F,174,2011
Abbie,F,178,2012
Abbie,F,145,2013
Abbie,F,132,2014
Abbie,F,97,2015
Abbie,F,97,2016
Abbie,F,80,2017
Charlotte,F,29,1998
Charlotte,F,34,1999
Charlotte,F,47,2000
Charlotte,F,55,2001
Charlotte,F,54,2002
Charlotte,F,70,2003
Charlotte,F,72,2004
Charlotte,F,86,2005
Charlotte,F,86,2006
Charlotte,F,72,2007
Charlotte,F,106,2008
Charlotte,F,104,2009
Charlotte,F,108,2010
Charlotte,F,122,2011
Charlotte,F,106,2012
Charlotte,F,144,2013
Charlotte,F,110,2014
Charlotte,F,110,2015
Charlotte,F,151,2016
Charlotte,F,138,2017
Millie,F,6,2000
Millie,F,15,2002
Millie,F,18,2003
Millie,F,23,2004
Millie,F,39,2005
Millie,F,44,2006
Millie,F,71,2007
Millie,F,75,2008
Millie,F,77,2009
Millie,F,80,2010
Millie,F,97,2011
Millie,F,120,2012
Millie,F,144,2013
Millie,F,135,2014
Millie,F,104,2015
Millie,F,107,2016
Millie,F,115,2017
Faye,F,8,1998
Faye,F,13,1999
Faye,F,29,2000
Faye,F,31,2001
Faye,F,36,2002
Faye,F,57,2003
Faye,F,54,2004
Faye,F,53,2005
Faye,F,80,2006
Faye,F,69,2007
Faye,F,91,2008
Faye,F,122,2009
Faye,F,128,2010
Faye,F,156,2011
Faye,F,163,2012
Faye,F,136,2013
Faye,F,129,2014
Faye,F,139,2015
Faye,F,132,2016
Faye,F,125,2017
Clodagh,F,114,1998
Clodagh,F,127,1999
Clodagh,F,135,2000
Clodagh,F,129,2001
Clodagh,F,127,2002
Clodagh,F,125,2003
Clodagh,F,153,2004
Clodagh,F,152,2005
Clodagh,F,161,2006
Clodagh,F,199,2007
Clodagh,F,178,2008
Clodagh,F,224,2009
Clodagh,F,195,2010
Clodagh,F,168,2011
Clodagh,F,128,2012
Clodagh,F,133,2013
Clodagh,F,144,2014
Clodagh,F,130,2015
Clodagh,F,127,2016
Clodagh,F,129,2017
Aisling,F,212,1998
Aisling,F,209,1999
Aisling,F,213,2000
Aisling,F,248,2001
Aisling,F,210,2002
Aisling,F,203,2003
Aisling,F,217,2004
Aisling,F,204,2005
Aisling,F,224,2006
Aisling,F,209,2007
Aisling,F,190,2008
Aisling,F,170,2009
Aisling,F,186,2010
Aisling,F,183,2011
Aisling,F,165,2012
Aisling,F,132,2013
Aisling,F,124,2014
Aisling,F,80,2015
Aisling,F,84,2016
Aisling,F,67,2017
Alice,F,40,1998
Alice,F,49,1999
Alice,F,64,2000
Alice,F,55,2001
Alice,F,66,2002
Alice,F,61,2003
Alice,F,68,2004
Alice,F,68,2005
Alice,F,74,2006
Alice,F,81,2007
Alice,F,76,2008
Alice,F,95,2009
Alice,F,99,2010
Alice,F,115,2011
Alice,F,101,2012
Alice,F,130,2013
Alice,F,119,2014
Alice,F,150,2015
Alice,F,181,2016
Alice,F,160,2017
Eabha,F,10,1998
Eabha,F,15,1999
Eabha,F,25,2000
Eabha,F,26,2001
Eabha,F,51,2002
Eabha,F,68,2003
Eabha,F,95,2004
Eabha,F,109,2005
Eabha,F,111,2006
Eabha,F,114,2007
Eabha,F,140,2008
Eabha,F,131,2009
Eabha,F,128,2010
Eabha,F,121,2011
Eabha,F,109,2012
Eabha,F,130,2013
Eabha,F,115,2014
Eabha,F,126,2015
Eabha,F,133,2016
Eabha,F,125,2017
Abigail,F,35,1998
Abigail,F,44,1999
Abigail,F,54,2000
Abigail,F,77,2001
Abigail,F,75,2002
Abigail,F,102,2003
Abigail,F,140,2004
Abigail,F,146,2005
Abigail,F,146,2006
Abigail,F,162,2007
Abigail,F,200,2008
Abigail,F,165,2009
Abigail,F,158,2010
Abigail,F,139,2011
Abigail,F,138,2012
Abigail,F,129,2013
Abigail,F,124,2014
Abigail,F,117,2015
Abigail,F,114,2016
Abigail,F,98,2017
Ellen,F,154,1998
Ellen,F,215,1999
Ellen,F,217,2000
Ellen,F,241,2001
Ellen,F,229,2002
Ellen,F,253,2003
Ellen,F,222,2004
Ellen,F,220,2005
Ellen,F,196,2006
Ellen,F,214,2007
Ellen,F,193,2008
Ellen,F,155,2009
Ellen,F,168,2010
Ellen,F,159,2011
Ellen,F,155,2012
Ellen,F,128,2013
Ellen,F,120,2014
Ellen,F,117,2015
Ellen,F,99,2016
Ellen,F,79,2017
Lexi,F,72,2011
Lexi,F,73,2012
Lexi,F,127,2013
Lexi,F,83,2014
Lexi,F,67,2015
Lexi,F,55,2017
Aoibhinn,F,16,1998
Aoibhinn,F,26,1999
Aoibhinn,F,17,2000
Aoibhinn,F,20,2001
Aoibhinn,F,32,2002
Aoibhinn,F,24,2003
Aoibhinn,F,33,2004
Aoibhinn,F,42,2005
Aoibhinn,F,71,2006
Aoibhinn,F,72,2007
Aoibhinn,F,72,2008
Aoibhinn,F,117,2009
Aoibhinn,F,111,2010
Aoibhinn,F,128,2011
Aoibhinn,F,125,2012
Aoibhinn,F,126,2013
Aoibhinn,F,111,2014
Aoibhinn,F,100,2015
Aoibhinn,F,100,2016
Aoibhinn,F,92,2017
Layla,F,5,2001
Layla,F,10,2002
Layla,F,15,2003
Layla,F,12,2004
Layla,F,28,2005
Layla,F,29,2006
Layla,F,47,2007
Layla,F,62,2008
Layla,F,100,2009
Layla,F,150,2010
Layla,F,134,2011
Layla,F,160,2012
Layla,F,125,2013
Layla,F,130,2014
Layla,F,135,2015
Layla,F,135,2016
Layla,F,135,2017
Eve,F,56,1998
Eve,F,50,1999
Eve,F,76,2000
Eve,F,126,2001
Eve,F,91,2002
Eve,F,91,2003
Eve,F,101,2004
Eve,F,106,2005
Eve,F,117,2006
Eve,F,87,2007
Eve,F,114,2008
Eve,F,118,2009
Eve,F,122,2010
Eve,F,164,2011
Eve,F,138,2012
Eve,F,122,2013
Eve,F,133,2014
Eve,F,133,2015
Eve,F,128,2016
Eve,F,109,2017
Zara,F,24,1998
Zara,F,38,1999
Zara,F,49,2000
Zara,F,59,2001
Zara,F,56,2002
Zara,F,48,2003
Zara,F,49,2004
Zara,F,64,2005
Zara,F,65,2006
Zara,F,79,2007
Zara,F,114,2008
Zara,F,94,2009
Zara,F,77,2010
Zara,F,90,2011
Zara,F,102,2012
Zara,F,122,2013
Zara,F,109,2014
Zara,F,97,2015
Zara,F,108,2016
Zara,F,117,2017
Alannah,F,44,1998
Alannah,F,58,1999
Alannah,F,84,2000
Alannah,F,96,2001
Alannah,F,93,2002
Alannah,F,117,2003
Alannah,F,113,2004
Alannah,F,123,2005
Alannah,F,121,2006
Alannah,F,117,2007
Alannah,F,130,2008
Alannah,F,123,2009
Alannah,F,113,2010
Alannah,F,122,2011
Alannah,F,104,2012
Alannah,F,120,2013
Alannah,F,106,2014
Alannah,F,83,2015
Alannah,F,96,2016
Alannah,F,110,2017
Aine,F,140,1998
Aine,F,155,1999
Aine,F,194,2000
Aine,F,156,2001
Aine,F,149,2002
Aine,F,183,2003
Aine,F,190,2004
Aine,F,187,2005
Aine,F,175,2006
Aine,F,203,2007
Aine,F,157,2008
Aine,F,159,2009
Aine,F,124,2010
Aine,F,130,2011
Aine,F,128,2012
Aine,F,116,2013
Aine,F,106,2014
Aine,F,105,2015
Aine,F,83,2016
Aine,F,75,2017
Maria,F,52,1998
Maria,F,62,1999
Maria,F,78,2000
Maria,F,87,2001
Maria,F,104,2002
Maria,F,91,2003
Maria,F,103,2004
Maria,F,99,2005
Maria,F,92,2006
Maria,F,119,2007
Maria,F,158,2008
Maria,F,133,2009
Maria,F,137,2010
Maria,F,134,2011
Maria,F,100,2012
Maria,F,113,2013
Maria,F,103,2014
Maria,F,119,2015
Maria,F,109,2016
Maria,F,112,2017
Megan,F,393,1998
Megan,F,434,1999
Megan,F,441,2000
Megan,F,401,2001
Megan,F,387,2002
Megan,F,310,2003
Megan,F,299,2004
Megan,F,248,2005
Megan,F,210,2006
Megan,F,229,2007
Megan,F,229,2008
Megan,F,232,2009
Megan,F,204,2010
Megan,F,203,2011
Megan,F,135,2012
Megan,F,113,2013
Megan,F,99,2014
Megan,F,102,2015
Megan,F,89,2016
Megan,F,67,2017
Rebecca,F,388,1998
Rebecca,F,455,1999
Rebecca,F,485,2000
Rebecca,F,350,2001
Rebecca,F,361,2002
Rebecca,F,295,2003
Rebecca,F,290,2004
Rebecca,F,353,2005
Rebecca,F,324,2006
Rebecca,F,267,2007
Rebecca,F,239,2008
Rebecca,F,219,2009
Rebecca,F,162,2010
Rebecca,F,195,2011
Rebecca,F,162,2012
Rebecca,F,110,2013
Rebecca,F,92,2014
Rebecca,F,104,2015
Rebecca,F,86,2016
Rebecca,F,96,2017
Nicole,F,245,1998
Nicole,F,266,1999
Nicole,F,261,2000
Nicole,F,259,2001
Nicole,F,228,2002
Nicole,F,179,2003
Nicole,F,161,2004
Nicole,F,172,2005
Nicole,F,191,2006
Nicole,F,200,2007
Nicole,F,198,2008
Nicole,F,194,2009
Nicole,F,192,2010
Nicole,F,176,2011
Nicole,F,116,2012
Nicole,F,109,2013
Nicole,F,104,2014
Nicole,F,86,2015
Nicole,F,60,2017
Sadhbh,F,36,1998
Sadhbh,F,19,1999
Sadhbh,F,41,2000
Sadhbh,F,47,2001
Sadhbh,F,52,2002
Sadhbh,F,66,2003
Sadhbh,F,65,2004
Sadhbh,F,77,2005
Sadhbh,F,78,2006
Sadhbh,F,95,2007
Sadhbh,F,107,2008
Sadhbh,F,111,2009
Sadhbh,F,117,2010
Sadhbh,F,132,2011
Sadhbh,F,113,2012
Sadhbh,F,108,2013
Sadhbh,F,144,2014
Sadhbh,F,123,2015
Sadhbh,F,108,2016
Sadhbh,F,104,2017
Clara,F,34,1998
Clara,F,47,1999
Clara,F,49,2000
Clara,F,45,2001
Clara,F,48,2002
Clara,F,62,2003
Clara,F,44,2004
Clara,F,62,2005
Clara,F,74,2006
Clara,F,71,2007
Clara,F,81,2008
Clara,F,86,2009
Clara,F,72,2010
Clara,F,79,2011
Clara,F,76,2012
Clara,F,103,2013
Clara,F,98,2014
Clara,F,96,2015
Clara,F,97,2016
Clara,F,91,2017
Elizabeth,F,68,1998
Elizabeth,F,82,1999
Elizabeth,F,83,2000
Elizabeth,F,86,2001
Elizabeth,F,83,2002
Elizabeth,F,116,2003
Elizabeth,F,91,2004
Elizabeth,F,85,2005
Elizabeth,F,106,2006
Elizabeth,F,110,2007
Elizabeth,F,90,2008
Elizabeth,F,117,2009
Elizabeth,F,122,2010
Elizabeth,F,108,2011
Elizabeth,F,99,2012
Elizabeth,F,99,2013
Elizabeth,F,97,2014
Elizabeth,F,106,2015
Elizabeth,F,97,2016
Elizabeth,F,105,2017
Maya,F,5,1999
Maya,F,13,2000
Maya,F,18,2001
Maya,F,16,2002
Maya,F,15,2003
Maya,F,31,2004
Maya,F,24,2005
Maya,F,38,2006
Maya,F,61,2007
Maya,F,64,2008
Maya,F,80,2009
Maya,F,81,2010
Maya,F,92,2011
Maya,F,81,2012
Maya,F,97,2013
Maya,F,108,2014
Maya,F,101,2015
Maya,F,109,2016
Maya,F,92,2017
Maja,F,19,2006
Maja,F,53,2007
Maja,F,96,2008
Maja,F,133,2009
Maja,F,132,2010
Maja,F,131,2011
Maja,F,114,2012
Maja,F,94,2013
Maja,F,96,2014
Maja,F,69,2015
Maja,F,48,2017
Emilia,F,6,2001
Emilia,F,6,2002
Emilia,F,7,2004
Emilia,F,9,2005
Emilia,F,25,2006
Emilia,F,29,2007
Emilia,F,49,2008
Emilia,F,69,2009
Emilia,F,76,2010
Emilia,F,77,2011
Emilia,F,98,2012
Emilia,F,91,2013
Emilia,F,120,2014
Emilia,F,103,2015
Emilia,F,107,2016
Emilia,F,97,2017
Caitlin,F,74,1998
Caitlin,F,112,1999
Caitlin,F,130,2000
Caitlin,F,160,2001
Caitlin,F,151,2002
Caitlin,F,192,2003
Caitlin,F,189,2004
Caitlin,F,191,2005
Caitlin,F,143,2006
Caitlin,F,164,2007
Caitlin,F,168,2008
Caitlin,F,134,2009
Caitlin,F,93,2010
Caitlin,F,116,2011
Caitlin,F,105,2012
Caitlin,F,89,2013
Caitlin,F,73,2014
Caitlin,F,66,2015
Caitlin,F,36,2017
Rose,F,56,2011
Rose,F,64,2012
Rose,F,87,2013
Rose,F,79,2014
Rose,F,90,2015
Rose,F,84,2016
Rose,F,96,2017
Isabel,F,22,1998
Isabel,F,25,1999
Isabel,F,31,2000
Isabel,F,33,2001
Isabel,F,52,2002
Isabel,F,43,2003
Isabel,F,85,2004
Isabel,F,76,2005
Isabel,F,88,2006
Isabel,F,101,2007
Isabel,F,124,2008
Isabel,F,117,2009
Isabel,F,117,2010
Isabel,F,101,2011
Isabel,F,80,2012
Isabel,F,86,2013
Isabel,F,76,2014
Isabel,F,60,2016
Isabel,F,54,2017
Aoibheann,F,20,1998
Aoibheann,F,26,1999
Aoibheann,F,31,2000
Aoibheann,F,30,2001
Aoibheann,F,21,2002
Aoibheann,F,42,2003
Aoibheann,F,37,2004
Aoibheann,F,47,2005
Aoibheann,F,78,2006
Aoibheann,F,67,2007
Aoibheann,F,102,2008
Aoibheann,F,88,2009
Aoibheann,F,92,2010
Aoibheann,F,106,2011
Aoibheann,F,115,2012
Aoibheann,F,85,2013
Aoibheann,F,88,2014
Aoibheann,F,78,2015
Aoibheann,F,82,2016
Aoibheann,F,95,2017
Sadie,F,84,2013
Sadie,F,157,2014
Sadie,F,198,2015
Sadie,F,190,2016
Sadie,F,224,2017
Lena,F,7,1999
Lena,F,6,2000
Lena,F,7,2001
Lena,F,8,2002
Lena,F,7,2003
Lena,F,9,2004
Lena,F,6,2005
Lena,F,13,2006
Lena,F,24,2007
Lena,F,30,2008
Lena,F,56,2009
Lena,F,81,2010
Lena,F,83,2011
Lena,F,99,2012
Lena,F,82,2013
Lena,F,87,2014
Lena,F,82,2015
Lena,F,68,2017
Hollie,F,21,1998
Hollie,F,23,1999
Hollie,F,18,2000
Hollie,F,38,2001
Hollie,F,42,2002
Hollie,F,39,2003
Hollie,F,43,2004
Hollie,F,49,2005
Hollie,F,46,2006
Hollie,F,36,2007
Hollie,F,42,2008
Hollie,F,72,2009
Hollie,F,68,2010
Hollie,F,64,2011
Hollie,F,92,2012
Hollie,F,81,2013
Hollie,F,71,2014
Hollie,F,67,2015
Hollie,F,52,2017
Sienna,F,80,2013
Sienna,F,85,2014
Sienna,F,96,2015
Sienna,F,91,2016
Sienna,F,122,2017
Mary,F,128,1998
Mary,F,131,1999
Mary,F,140,2000
Mary,F,153,2001
Mary,F,140,2002
Mary,F,128,2003
Mary,F,133,2004
Mary,F,133,2005
Mary,F,124,2006
Mary,F,124,2007
Mary,F,121,2008
Mary,F,120,2009
Mary,F,123,2010
Mary,F,106,2011
Mary,F,99,2012
Mary,F,79,2013
Mary,F,88,2014
Mary,F,91,2015
Mary,F,70,2016
Mary,F,64,2017
Fiadh,F,78,2013
Fiadh,F,86,2014
Fiadh,F,186,2015
Fiadh,F,235,2016
Fiadh,F,242,2017
Zuzanna,F,11,2006
Zuzanna,F,45,2007
Zuzanna,F,76,2008
Zuzanna,F,105,2009
Zuzanna,F,96,2010
Zuzanna,F,94,2011
Zuzanna,F,61,2012
Zuzanna,F,77,2013
Zuzanna,F,39,2017
Aimee,F,41,1998
Aimee,F,66,1999
Aimee,F,40,2000
Aimee,F,72,2001
Aimee,F,77,2002
Aimee,F,119,2003
Aimee,F,127,2004
Aimee,F,141,2005
Aimee,F,128,2006
Aimee,F,108,2007
Aimee,F,108,2008
Aimee,F,152,2009
Aimee,F,129,2010
Aimee,F,92,2011
Aimee,F,94,2012
Aimee,F,76,2013
Aimee,F,30,2017
Tara,F,114,1998
Tara,F,167,1999
Tara,F,153,2000
Tara,F,168,2001
Tara,F,180,2002
Tara,F,147,2003
Tara,F,175,2004
Tara,F,165,2005
Tara,F,173,2006
Tara,F,151,2007
Tara,F,144,2008
Tara,F,145,2009
Tara,F,121,2010
Tara,F,92,2011
Tara,F,71,2012
Tara,F,76,2013
Tara,F,72,2014
Tara,F,65,2015
Tara,F,46,2017
Hanna,F,57,2011
Hanna,F,66,2012
Hanna,F,75,2013
Hanna,F,75,2014
Hanna,F,76,2015
Hanna,F,64,2017
Katelyn,F,28,1998
Katelyn,F,55,1999
Katelyn,F,94,2000
Katelyn,F,96,2001
Katelyn,F,109,2002
Katelyn,F,173,2003
Katelyn,F,171,2004
Katelyn,F,153,2005
Katelyn,F,152,2006
Katelyn,F,142,2007
Katelyn,F,126,2008
Katelyn,F,128,2009
Katelyn,F,110,2010
Katelyn,F,91,2011
Katelyn,F,70,2012
Katelyn,F,75,2013
Katelyn,F,23,2017
Lilly,F,12,2003
Lilly,F,17,2004
Lilly,F,26,2005
Lilly,F,33,2006
Lilly,F,52,2007
Lilly,F,65,2008
Lilly,F,60,2009
Lilly,F,91,2010
Lilly,F,91,2011
Lilly,F,94,2012
Lilly,F,75,2013
Lilly,F,90,2014
Lilly,F,81,2015
Lilly,F,70,2016
Lilly,F,63,2017
Ruth,F,72,1998
Ruth,F,86,1999
Ruth,F,68,2000
Ruth,F,88,2001
Ruth,F,75,2002
Ruth,F,76,2003
Ruth,F,70,2004
Ruth,F,77,2005
Ruth,F,60,2006
Ruth,F,60,2007
Ruth,F,59,2008
Ruth,F,77,2009
Ruth,F,67,2010
Ruth,F,82,2011
Ruth,F,66,2012
Ruth,F,75,2013
Ruth,F,68,2014
Ruth,F,44,2017
Alexandra,F,57,1998
Alexandra,F,46,1999
Alexandra,F,50,2000
Alexandra,F,76,2001
Alexandra,F,63,2002
Alexandra,F,59,2003
Alexandra,F,84,2004
Alexandra,F,69,2005
Alexandra,F,75,2006
Alexandra,F,98,2007
Alexandra,F,73,2008
Alexandra,F,92,2009
Alexandra,F,77,2010
Alexandra,F,71,2011
Alexandra,F,62,2012
Alexandra,F,74,2013
Alexandra,F,82,2014
Alexandra,F,82,2015
Alexandra,F,64,2016
Alexandra,F,54,2017
Poppy,F,74,2013
Poppy,F,64,2014
Poppy,F,56,2017
Amber,F,43,1998
Amber,F,35,1999
Amber,F,52,2000
Amber,F,48,2001
Amber,F,46,2002
Amber,F,53,2003
Amber,F,71,2004
Amber,F,84,2005
Amber,F,95,2006
Amber,F,96,2007
Amber,F,94,2008
Amber,F,100,2009
Amber,F,99,2010
Amber,F,107,2011
Amber,F,105,2012
Amber,F,73,2013
Amber,F,127,2014
Amber,F,108,2015
Amber,F,107,2016
Amber,F,85,2017
Mollie,F,73,2013
Mollie,F,61,2016
Mollie,F,62,2017
Victoria,F,38,1998
Victoria,F,55,1999
Victoria,F,49,2000
Victoria,F,48,2001
Victoria,F,59,2002
Victoria,F,63,2003
Victoria,F,67,2004
Victoria,F,44,2005
Victoria,F,55,2006
Victoria,F,83,2007
Victoria,F,62,2008
Victoria,F,69,2009
Victoria,F,72,2010
Victoria,F,73,2011
Victoria,F,83,2012
Victoria,F,73,2013
Victoria,F,74,2014
Victoria,F,69,2015
Victoria,F,65,2016
Victoria,F,66,2017
Lara,F,21,1998
Lara,F,27,1999
Lara,F,44,2000
Lara,F,40,2001
Lara,F,62,2002
Lara,F,50,2003
Lara,F,52,2004
Lara,F,39,2005
Lara,F,49,2006
Lara,F,66,2007
Lara,F,41,2008
Lara,F,53,2009
Lara,F,65,2010
Lara,F,67,2011
Lara,F,54,2012
Lara,F,72,2013
Lara,F,66,2014
Lara,F,66,2015
Lara,F,63,2016
Lara,F,64,2017
Sara,F,46,1998
Sara,F,33,1999
Sara,F,38,2000
Sara,F,58,2001
Sara,F,54,2002
Sara,F,47,2003
Sara,F,57,2004
Sara,F,40,2005
Sara,F,50,2006
Sara,F,76,2007
Sara,F,88,2008
Sara,F,79,2009
Sara,F,78,2010
Sara,F,91,2011
Sara,F,68,2012
Sara,F,71,2013
Sara,F,65,2014
Sara,F,71,2015
Sara,F,58,2016
Sara,F,52,2017
Brooke,F,8,2000
Brooke,F,13,2001
Brooke,F,11,2002
Brooke,F,19,2003
Brooke,F,33,2004
Brooke,F,36,2005
Brooke,F,40,2006
Brooke,F,87,2007
Brooke,F,94,2008
Brooke,F,84,2009
Brooke,F,97,2010
Brooke,F,90,2011
Brooke,F,76,2012
Brooke,F,70,2013
Brooke,F,38,2017
Aoibhe,F,7,1998
Aoibhe,F,19,1999
Aoibhe,F,12,2000
Aoibhe,F,24,2001
Aoibhe,F,33,2002
Aoibhe,F,53,2003
Aoibhe,F,75,2004
Aoibhe,F,95,2005
Aoibhe,F,120,2006
Aoibhe,F,118,2007
Aoibhe,F,127,2008
Aoibhe,F,118,2009
Aoibhe,F,89,2010
Aoibhe,F,81,2011
Aoibhe,F,88,2012
Aoibhe,F,67,2013
Aoibhe,F,48,2017
Laoise,F,21,1998
Laoise,F,33,1999
Laoise,F,39,2000
Laoise,F,42,2001
Laoise,F,50,2002
Laoise,F,52,2003
Laoise,F,46,2004
Laoise,F,45,2005
Laoise,F,51,2006
Laoise,F,44,2007
Laoise,F,56,2008
Laoise,F,40,2009
Laoise,F,46,2010
Laoise,F,61,2011
Laoise,F,66,2012
Laoise,F,67,2013
Laoise,F,45,2017
Kayleigh,F,87,1998
Kayleigh,F,84,1999
Kayleigh,F,65,2000
Kayleigh,F,72,2001
Kayleigh,F,75,2002
Kayleigh,F,80,2003
Kayleigh,F,81,2004
Kayleigh,F,99,2005
Kayleigh,F,115,2006
Kayleigh,F,126,2007
Kayleigh,F,110,2008
Kayleigh,F,82,2009
Kayleigh,F,77,2010
Kayleigh,F,71,2011
Kayleigh,F,78,2012
Kayleigh,F,66,2013
Kayleigh,F,52,2017
Madison,F,5,2001
Madison,F,5,2002
Madison,F,6,2003
Madison,F,11,2004
Madison,F,18,2005
Madison,F,27,2006
Madison,F,40,2007
Madison,F,59,2008
Madison,F,71,2009
Madison,F,67,2010
Madison,F,80,2011
Madison,F,64,2012
Madison,F,65,2013
Madison,F,78,2014
Madison,F,71,2015
Madison,F,63,2017
Maisie,F,66,2011
Maisie,F,64,2012
Maisie,F,50,2013
Maisie,F,79,2015
Maisie,F,86,2016
Maisie,F,94,2017
Natalia,F,7,2004
Natalia,F,6,2005
Natalia,F,19,2006
Natalia,F,41,2007
Natalia,F,89,2008
Natalia,F,81,2009
Natalia,F,84,2010
Natalia,F,59,2011
Natalia,F,68,2012
Natalia,F,62,2013
Natalia,F,67,2014
Natalia,F,36,2017
Georgia,F,35,1998
Georgia,F,43,1999
Georgia,F,50,2000
Georgia,F,64,2001
Georgia,F,35,2002
Georgia,F,42,2003
Georgia,F,33,2004
Georgia,F,48,2005
Georgia,F,53,2006
Georgia,F,47,2007
Georgia,F,47,2008
Georgia,F,41,2009
Georgia,F,62,2010
Georgia,F,58,2011
Georgia,F,63,2012
Georgia,F,61,2013
Georgia,F,73,2014
Georgia,F,64,2015
Georgia,F,68,2016
Georgia,F,77,2017
Michelle,F,107,1998
Michelle,F,118,1999
Michelle,F,92,2000
Michelle,F,82,2001
Michelle,F,86,2002
Michelle,F,64,2003
Michelle,F,57,2004
Michelle,F,66,2005
Michelle,F,51,2006
Michelle,F,57,2007
Michelle,F,68,2008
Michelle,F,56,2009
Michelle,F,56,2010
Michelle,F,32,2011
Michelle,F,38,2012
Michelle,F,27,2013
Michelle,F,18,2017
Maeve,F,53,1998
Maeve,F,70,1999
Maeve,F,81,2000
Maeve,F,74,2001
Maeve,F,69,2002
Maeve,F,64,2003
Maeve,F,75,2004
Maeve,F,65,2005
Maeve,F,67,2006
Maeve,F,82,2007
Maeve,F,71,2008
Maeve,F,81,2009
Maeve,F,62,2010
Maeve,F,51,2011
Maeve,F,64,2012
Maeve,F,59,2013
Maeve,F,43,2017
Leona,F,6,2017
Taylor,F,37,1998
Taylor,F,33,1999
Taylor,F,44,2000
Taylor,F,47,2001
Taylor,F,40,2002
Taylor,F,46,2003
Taylor,F,45,2004
Taylor,F,45,2005
Taylor,F,51,2006
Taylor,F,68,2007
Taylor,F,68,2008
Taylor,F,69,2009
Taylor,F,61,2010
Taylor,F,66,2011
Taylor,F,62,2012
Taylor,F,58,2013
Taylor,F,24,2017
Meabh,F,19,1998
Meabh,F,22,1999
Meabh,F,24,2000
Meabh,F,31,2001
Meabh,F,18,2002
Meabh,F,40,2003
Meabh,F,36,2004
Meabh,F,56,2005
Meabh,F,45,2006
Meabh,F,53,2007
Meabh,F,75,2008
Meabh,F,59,2009
Meabh,F,62,2010
Meabh,F,75,2011
Meabh,F,75,2012
Meabh,F,57,2013
Meabh,F,74,2014
Meabh,F,78,2015
Meabh,F,72,2016
Meabh,F,81,2017
Evie,F,52,2011
Evie,F,79,2012
Evie,F,56,2013
Evie,F,104,2014
Evie,F,119,2015
Evie,F,158,2016
Evie,F,212,2017
Alanna,F,52,1998
Alanna,F,49,1999
Alanna,F,51,2000
Alanna,F,56,2001
Alanna,F,62,2002
Alanna,F,75,2003
Alanna,F,89,2004
Alanna,F,70,2005
Alanna,F,71,2006
Alanna,F,53,2007
Alanna,F,79,2008
Alanna,F,66,2009
Alanna,F,64,2010
Alanna,F,50,2011
Alanna,F,52,2012
Alanna,F,39,2013
Alanna,F,37,2017
Fiona,F,78,1998
Fiona,F,83,1999
Fiona,F,71,2000
Fiona,F,72,2001
Fiona,F,82,2002
Fiona,F,62,2003
Fiona,F,66,2004
Fiona,F,53,2005
Fiona,F,53,2006
Fiona,F,53,2007
Fiona,F,40,2008
Fiona,F,27,2009
Fiona,F,28,2010
Fiona,F,25,2011
Fiona,F,31,2012
Fiona,F,15,2013
Fiona,F,20,2017
Daisy,F,6,1998
Daisy,F,5,1999
Daisy,F,8,2001
Daisy,F,14,2002
Daisy,F,17,2003
Daisy,F,18,2004
Daisy,F,22,2005
Daisy,F,27,2006
Daisy,F,36,2007
Daisy,F,39,2008
Daisy,F,70,2009
Daisy,F,97,2010
Daisy,F,68,2011
Daisy,F,70,2012
Daisy,F,55,2013
Daisy,F,67,2016
Daisy,F,63,2017
Shannon,F,255,1998
Shannon,F,246,1999
Shannon,F,198,2000
Shannon,F,191,2001
Shannon,F,166,2002
Shannon,F,114,2003
Shannon,F,129,2004
Shannon,F,107,2005
Shannon,F,137,2006
Shannon,F,93,2007
Shannon,F,105,2008
Shannon,F,75,2009
Shannon,F,65,2010
Shannon,F,55,2011
Shannon,F,40,2012
Shannon,F,33,2013
Shannon,F,15,2017
Catherine,F,78,1998
Catherine,F,89,1999
Catherine,F,80,2000
Catherine,F,94,2001
Catherine,F,91,2002
Catherine,F,72,2003
Catherine,F,91,2004
Catherine,F,67,2005
Catherine,F,57,2006
Catherine,F,52,2007
Catherine,F,62,2008
Catherine,F,52,2009
Catherine,F,37,2010
Catherine,F,56,2011
Catherine,F,48,2012
Catherine,F,55,2013
Catherine,F,28,2017
Alison,F,93,1998
Alison,F,78,1999
Alison,F,79,2000
Alison,F,82,2001
Alison,F,89,2002
Alison,F,61,2003
Alison,F,61,2004
Alison,F,62,2005
Alison,F,55,2006
Alison,F,52,2007
Alison,F,55,2008
Alison,F,48,2009
Alison,F,60,2010
Alison,F,45,2011
Alison,F,47,2012
Alison,F,43,2013
Alison,F,39,2017
Danielle,F,109,1998
Danielle,F,95,1999
Danielle,F,63,2000
Danielle,F,87,2001
Danielle,F,77,2002
Danielle,F,60,2003
Danielle,F,66,2004
Danielle,F,59,2005
Danielle,F,49,2006
Danielle,F,52,2007
Danielle,F,57,2008
Danielle,F,65,2009
Danielle,F,42,2010
Danielle,F,40,2011
Danielle,F,30,2012
Danielle,F,28,2013
Danielle,F,17,2017
Orla,F,138,1998
Orla,F,144,1999
Orla,F,167,2000
Orla,F,149,2001
Orla,F,141,2002
Orla,F,113,2003
Orla,F,116,2004
Orla,F,115,2005
Orla,F,124,2006
Orla,F,118,2007
Orla,F,98,2008
Orla,F,112,2009
Orla,F,81,2010
Orla,F,92,2011
Orla,F,80,2012
Orla,F,52,2013
Orla,F,60,2016
Orla,F,37,2017
Eimear,F,140,1998
Eimear,F,148,1999
Eimear,F,168,2000
Eimear,F,146,2001
Eimear,F,133,2002
Eimear,F,125,2003
Eimear,F,135,2004
Eimear,F,148,2005
Eimear,F,138,2006
Eimear,F,137,2007
Eimear,F,125,2008
Eimear,F,102,2009
Eimear,F,91,2010
Eimear,F,89,2011
Eimear,F,81,2012
Eimear,F,52,2013
Eimear,F,67,2015
Eimear,F,57,2017
Naomi,F,32,1998
Naomi,F,30,1999
Naomi,F,27,2000
Naomi,F,35,2001
Naomi,F,46,2002
Naomi,F,55,2003
Naomi,F,53,2004
Naomi,F,48,2005
Naomi,F,43,2006
Naomi,F,51,2007
Naomi,F,49,2008
Naomi,F,59,2009
Naomi,F,54,2010
Naomi,F,43,2011
Naomi,F,52,2012
Naomi,F,31,2013
Naomi,F,30,2017
Nicola,F,63,1998
Nicola,F,61,1999
Nicola,F,52,2000
Nicola,F,45,2001
Nicola,F,40,2002
Nicola,F,38,2003
Nicola,F,34,2004
Nicola,F,26,2005
Nicola,F,32,2006
Nicola,F,51,2007
Nicola,F,52,2008
Nicola,F,43,2009
Nicola,F,33,2010
Nicola,F,32,2011
Nicola,F,26,2012
Nicola,F,27,2013
Nicola,F,11,2017
Oliwia,F,8,2005
Oliwia,F,16,2006
Oliwia,F,50,2007
Oliwia,F,63,2008
Oliwia,F,88,2009
Oliwia,F,54,2010
Oliwia,F,50,2011
Oliwia,F,43,2012
Oliwia,F,33,2013
Oliwia,F,16,2017
Muireann,F,24,1998
Muireann,F,26,1999
Muireann,F,31,2000
Muireann,F,42,2001
Muireann,F,23,2002
Muireann,F,27,2003
Muireann,F,40,2004
Muireann,F,41,2005
Muireann,F,42,2006
Muireann,F,67,2007
Muireann,F,71,2008
Muireann,F,61,2009
Muireann,F,56,2010
Muireann,F,81,2011
Muireann,F,50,2012
Muireann,F,49,2013
Muireann,F,48,2017
Lisa,F,88,1998
Lisa,F,97,1999
Lisa,F,93,2000
Lisa,F,93,2001
Lisa,F,93,2002
Lisa,F,76,2003
Lisa,F,61,2004
Lisa,F,62,2005
Lisa,F,58,2006
Lisa,F,49,2007
Lisa,F,40,2008
Lisa,F,31,2009
Lisa,F,30,2010
Lisa,F,40,2011
Lisa,F,28,2012
Lisa,F,20,2013
Lisa,F,12,2017
Orlaith,F,34,1998
Orlaith,F,27,1999
Orlaith,F,44,2000
Orlaith,F,28,2001
Orlaith,F,33,2002
Orlaith,F,47,2003
Orlaith,F,66,2004
Orlaith,F,72,2005
Orlaith,F,83,2006
Orlaith,F,85,2007
Orlaith,F,73,2008
Orlaith,F,77,2009
Orlaith,F,76,2010
Orlaith,F,62,2011
Orlaith,F,61,2012
Orlaith,F,50,2013
Orlaith,F,39,2017
Margaret,F,38,1998
Margaret,F,42,1999
Margaret,F,35,2000
Margaret,F,52,2001
Margaret,F,42,2002
Margaret,F,42,2003
Margaret,F,41,2004
Margaret,F,33,2005
Margaret,F,36,2006
Margaret,F,49,2007
Margaret,F,56,2008
Margaret,F,37,2009
Margaret,F,28,2010
Margaret,F,40,2011
Margaret,F,33,2012
Margaret,F,36,2013
Margaret,F,32,2017
Isobel,F,18,1998
Isobel,F,45,1999
Isobel,F,32,2000
Isobel,F,49,2001
Isobel,F,33,2002
Isobel,F,47,2003
Isobel,F,43,2004
Isobel,F,64,2005
Isobel,F,52,2006
Isobel,F,68,2007
Isobel,F,86,2008
Isobel,F,86,2009
Isobel,F,84,2010
Isobel,F,71,2011
Isobel,F,49,2012
Isobel,F,54,2013
Isobel,F,35,2017
Sorcha,F,48,1998
Sorcha,F,61,1999
Sorcha,F,59,2000
Sorcha,F,45,2001
Sorcha,F,48,2002
Sorcha,F,59,2003
Sorcha,F,42,2004
Sorcha,F,41,2005
Sorcha,F,52,2006
Sorcha,F,49,2007
Sorcha,F,41,2008
Sorcha,F,43,2009
Sorcha,F,38,2010
Sorcha,F,34,2011
Sorcha,F,36,2012
Sorcha,F,20,2013
Sorcha,F,14,2017
Ailbhe,F,22,1998
Ailbhe,F,35,1999
Ailbhe,F,37,2000
Ailbhe,F,45,2001
Ailbhe,F,52,2002
Ailbhe,F,43,2003
Ailbhe,F,53,2004
Ailbhe,F,50,2005
Ailbhe,F,53,2006
Ailbhe,F,54,2007
Ailbhe,F,48,2008
Ailbhe,F,58,2009
Ailbhe,F,62,2010
Ailbhe,F,48,2011
Ailbhe,F,68,2012
Ailbhe,F,49,2013
Ailbhe,F,69,2014
Ailbhe,F,64,2016
Ailbhe,F,62,2017
Jodie,F,37,1998
Jodie,F,42,1999
Jodie,F,62,2000
Jodie,F,73,2001
Jodie,F,73,2002
Jodie,F,75,2003
Jodie,F,99,2004
Jodie,F,75,2005
Jodie,F,39,2006
Jodie,F,47,2007
Jodie,F,41,2008
Jodie,F,40,2009
Jodie,F,32,2010
Jodie,F,43,2011
Jodie,F,15,2012
Jodie,F,17,2013
Jodie,F,18,2017
Abby,F,6,1998
Abby,F,17,1999
Abby,F,27,2000
Abby,F,70,2001
Abby,F,79,2002
Abby,F,88,2003
Abby,F,103,2004
Abby,F,79,2005
Abby,F,61,2006
Abby,F,85,2007
Abby,F,74,2008
Abby,F,59,2009
Abby,F,57,2010
Abby,F,39,2011
Abby,F,47,2012
Abby,F,36,2013
Abby,F,20,2017
Michaela,F,85,1998
Michaela,F,78,1999
Michaela,F,72,2000
Michaela,F,74,2001
Michaela,F,52,2002
Michaela,F,53,2003
Michaela,F,62,2004
Michaela,F,55,2005
Michaela,F,35,2006
Michaela,F,57,2007
Michaela,F,46,2008
Michaela,F,33,2009
Michaela,F,38,2010
Michaela,F,91,2011
Michaela,F,61,2012
Michaela,F,48,2013
Michaela,F,25,2017
Andrea,F,43,1998
Andrea,F,69,1999
Andrea,F,67,2000
Andrea,F,57,2001
Andrea,F,58,2002
Andrea,F,57,2003
Andrea,F,30,2004
Andrea,F,49,2005
Andrea,F,44,2006
Andrea,F,46,2007
Andrea,F,41,2008
Andrea,F,49,2009
Andrea,F,40,2010
Andrea,F,32,2011
Andrea,F,32,2012
Andrea,F,31,2013
Andrea,F,10,2017
Kelly,F,77,1998
Kelly,F,91,1999
Kelly,F,89,2000
Kelly,F,75,2001
Kelly,F,92,2002
Kelly,F,90,2003
Kelly,F,92,2004
Kelly,F,78,2005
Kelly,F,55,2006
Kelly,F,46,2007
Kelly,F,41,2008
Kelly,F,24,2009
Kelly,F,41,2010
Kelly,F,33,2011
Kelly,F,26,2012
Kelly,F,17,2013
Kelly,F,9,2017
Annie,F,91,2014
Annie,F,78,2015
Annie,F,81,2016
Annie,F,89,2017
Sinead,F,195,1998
Sinead,F,196,1999
Sinead,F,180,2000
Sinead,F,162,2001
Sinead,F,182,2002
Sinead,F,153,2003
Sinead,F,127,2004
Sinead,F,137,2005
Sinead,F,110,2006
Sinead,F,105,2007
Sinead,F,96,2008
Sinead,F,86,2009
Sinead,F,69,2010
Sinead,F,73,2011
Sinead,F,43,2012
Sinead,F,47,2013
Sinead,F,29,2017
Alicia,F,14,1998
Alicia,F,16,1999
Alicia,F,14,2000
Alicia,F,28,2001
Alicia,F,44,2002
Alicia,F,47,2003
Alicia,F,48,2004
Alicia,F,64,2005
Alicia,F,55,2006
Alicia,F,55,2007
Alicia,F,72,2008
Alicia,F,43,2009
Alicia,F,75,2010
Alicia,F,59,2011
Alicia,F,38,2012
Alicia,F,44,2013
Alicia,F,28,2017
Leanne,F,97,1998
Leanne,F,86,1999
Leanne,F,63,2000
Leanne,F,88,2001
Leanne,F,71,2002
Leanne,F,62,2003
Leanne,F,57,2004
Leanne,F,34,2006
Leanne,F,43,2007
Leanne,F,19,2008
Leanne,F,23,2009
Leanne,F,19,2010
Leanne,F,24,2011
Leanne,F,16,2012
Leanne,F,13,2013
Leanne,F,9,2017
Alana,F,25,1998
Alana,F,40,1999
Alana,F,32,2000
Alana,F,50,2001
Alana,F,48,2002
Alana,F,53,2003
Alana,F,63,2004
Alana,F,37,2005
Alana,F,60,2006
Alana,F,42,2007
Alana,F,43,2008
Alana,F,38,2009
Alana,F,40,2010
Alana,F,37,2011
Alana,F,34,2012
Alana,F,30,2013
Alana,F,14,2017
Chelsea,F,70,1998
Chelsea,F,85,1999
Chelsea,F,56,2000
Chelsea,F,46,2001
Chelsea,F,33,2002
Chelsea,F,40,2003
Chelsea,F,40,2004
Chelsea,F,32,2005
Chelsea,F,43,2006
Chelsea,F,42,2007
Chelsea,F,25,2008
Chelsea,F,13,2009
Chelsea,F,22,2010
Chelsea,F,20,2011
Chelsea,F,19,2012
Chelsea,F,17,2013
Chelsea,F,10,2017
Claire,F,117,1998
Claire,F,118,1999
Claire,F,127,2000
Claire,F,127,2001
Claire,F,96,2002
Claire,F,84,2003
Claire,F,65,2004
Claire,F,70,2005
Claire,F,58,2006
Claire,F,42,2007
Claire,F,58,2008
Claire,F,57,2009
Claire,F,38,2010
Claire,F,34,2011
Claire,F,37,2012
Claire,F,35,2013
Claire,F,11,2017
Jennifer,F,145,1998
Jennifer,F,154,1999
Jennifer,F,151,2000
Jennifer,F,147,2001
Jennifer,F,176,2002
Jennifer,F,133,2003
Jennifer,F,106,2004
Jennifer,F,97,2005
Jennifer,F,84,2006
Jennifer,F,65,2007
Jennifer,F,76,2008
Jennifer,F,68,2009
Jennifer,F,70,2010
Jennifer,F,53,2011
Jennifer,F,37,2012
Jennifer,F,45,2013
Jennifer,F,24,2017
Emer,F,62,1998
Emer,F,74,1999
Emer,F,74,2000
Emer,F,65,2001
Emer,F,60,2002
Emer,F,40,2003
Emer,F,45,2004
Emer,F,65,2005
Emer,F,46,2006
Emer,F,42,2007
Emer,F,39,2008
Emer,F,37,2009
Emer,F,37,2010
Emer,F,34,2011
Emer,F,27,2012
Emer,F,24,2013
Emer,F,13,2017
Amelie,F,53,2011
Amelie,F,68,2012
Amelie,F,40,2013
Amelie,F,27,2017
Siobhan,F,79,1998
Siobhan,F,60,1999
Siobhan,F,64,2000
Siobhan,F,78,2001
Siobhan,F,56,2002
Siobhan,F,51,2003
Siobhan,F,55,2004
Siobhan,F,44,2005
Siobhan,F,43,2006
Siobhan,F,42,2007
Siobhan,F,29,2008
Siobhan,F,39,2009
Siobhan,F,33,2010
Siobhan,F,34,2011
Siobhan,F,28,2012
Siobhan,F,26,2013
Siobhan,F,10,2017
Hayley,F,40,1998
Hayley,F,15,1999
Hayley,F,17,2000
Hayley,F,15,2001
Hayley,F,17,2002
Hayley,F,31,2003
Hayley,F,22,2004
Hayley,F,29,2005
Hayley,F,49,2006
Hayley,F,41,2007
Hayley,F,37,2008
Hayley,F,34,2009
Hayley,F,40,2010
Hayley,F,44,2011
Hayley,F,42,2012
Hayley,F,41,2013
Hayley,F,44,2017
Alex,F,10,1998
Alex,F,17,1999
Alex,F,25,2000
Alex,F,40,2001
Alex,F,29,2002
Alex,F,29,2003
Alex,F,58,2004
Alex,F,55,2005
Alex,F,73,2006
Alex,F,63,2007
Alex,F,46,2008
Alex,F,50,2009
Alex,F,38,2010
Alex,F,40,2011
Alex,F,17,2012
Alex,F,24,2013
Alex,F,17,2017
Casey,F,35,1998
Casey,F,40,1999
Casey,F,47,2000
Casey,F,43,2001
Casey,F,38,2002
Casey,F,37,2003
Casey,F,26,2004
Casey,F,32,2005
Casey,F,40,2006
Casey,F,39,2007
Casey,F,45,2008
Casey,F,38,2009
Casey,F,41,2010
Casey,F,41,2011
Casey,F,33,2012
Casey,F,31,2013
Casey,F,23,2017
Jade,F,121,1998
Jade,F,150,1999
Jade,F,175,2000
Jade,F,175,2001
Jade,F,139,2002
Jade,F,84,2003
Jade,F,102,2004
Jade,F,108,2005
Jade,F,76,2006
Jade,F,39,2007
Jade,F,33,2008
Jade,F,32,2009
Jade,F,44,2010
Jade,F,33,2011
Jade,F,26,2012
Jade,F,40,2013
Jade,F,20,2017
Kathleen,F,32,1998
Kathleen,F,41,1999
Kathleen,F,42,2000
Kathleen,F,32,2001
Kathleen,F,41,2002
Kathleen,F,35,2003
Kathleen,F,34,2004
Kathleen,F,19,2005
Kathleen,F,34,2006
Kathleen,F,37,2007
Kathleen,F,38,2008
Kathleen,F,28,2009
Kathleen,F,31,2010
Kathleen,F,24,2011
Kathleen,F,25,2012
Kathleen,F,23,2013
Kathleen,F,23,2017
Hazel,F,33,1998
Hazel,F,28,1999
Hazel,F,43,2000
Hazel,F,54,2001
Hazel,F,46,2002
Hazel,F,37,2003
Hazel,F,45,2004
Hazel,F,60,2005
Hazel,F,67,2006
Hazel,F,69,2007
Hazel,F,69,2008
Hazel,F,50,2009
Hazel,F,40,2010
Hazel,F,42,2011
Hazel,F,34,2012
Hazel,F,49,2013
Hazel,F,71,2017
Alisha,F,11,1998
Alisha,F,19,1999
Alisha,F,21,2000
Alisha,F,27,2001
Alisha,F,45,2002
Alisha,F,40,2003
Alisha,F,43,2004
Alisha,F,63,2005
Alisha,F,73,2006
Alisha,F,66,2007
Alisha,F,86,2008
Alisha,F,51,2009
Alisha,F,49,2010
Alisha,F,43,2011
Alisha,F,45,2012
Alisha,F,31,2013
Alisha,F,27,2017
Jasmine,F,25,1998
Jasmine,F,26,1999
Jasmine,F,36,2000
Jasmine,F,36,2001
Jasmine,F,47,2002
Jasmine,F,46,2003
Jasmine,F,41,2004
Jasmine,F,31,2005
Jasmine,F,68,2006
Jasmine,F,71,2007
Jasmine,F,53,2008
Jasmine,F,67,2009
Jasmine,F,56,2010
Jasmine,F,55,2011
Jasmine,F,50,2012
Jasmine,F,41,2013
Jasmine,F,32,2017
Julie,F,40,1998
Julie,F,36,1999
Julie,F,35,2000
Julie,F,23,2001
Julie,F,38,2002
Julie,F,35,2003
Julie,F,36,2004
Julie,F,34,2005
Julie,F,30,2006
Julie,F,35,2007
Julie,F,45,2008
Julie,F,38,2009
Julie,F,39,2010
Julie,F,22,2011
Julie,F,29,2012
Julie,F,30,2013
Julie,F,24,2017
Melissa,F,37,1998
Melissa,F,53,1999
Melissa,F,34,2000
Melissa,F,33,2001
Melissa,F,32,2002
Melissa,F,20,2003
Melissa,F,34,2004
Melissa,F,40,2005
Melissa,F,36,2006
Melissa,F,35,2007
Melissa,F,35,2008
Melissa,F,28,2009
Melissa,F,33,2010
Melissa,F,36,2011
Melissa,F,36,2012
Melissa,F,22,2013
Melissa,F,25,2017
Natasha,F,48,1998
Natasha,F,62,1999
Natasha,F,45,2000
Natasha,F,46,2001
Natasha,F,45,2002
Natasha,F,35,2003
Natasha,F,43,2004
Natasha,F,37,2005
Natasha,F,36,2006
Natasha,F,35,2007
Natasha,F,31,2008
Natasha,F,25,2009
Natasha,F,31,2010
Natasha,F,16,2011
Natasha,F,15,2012
Natasha,F,10,2013
Natasha,F,5,2017
Erica,F,44,1998
Erica,F,38,1999
Erica,F,33,2000
Erica,F,36,2001
Erica,F,34,2002
Erica,F,29,2003
Erica,F,34,2004
Erica,F,38,2005
Erica,F,34,2006
Erica,F,32,2007
Erica,F,31,2008
Erica,F,24,2009
Erica,F,28,2010
Erica,F,21,2012
Erica,F,32,2013
Erica,F,8,2017
Rachael,F,65,1998
Rachael,F,62,1999
Rachael,F,71,2000
Rachael,F,66,2001
Rachael,F,55,2002
Rachael,F,50,2003
Rachael,F,47,2004
Rachael,F,30,2005
Rachael,F,34,2006
Rachael,F,32,2007
Rachael,F,30,2008
Rachael,F,18,2009
Rachael,F,24,2010
Rachael,F,13,2011
Rachael,F,12,2013
Grainne,F,70,1998
Grainne,F,94,1999
Grainne,F,85,2000
Grainne,F,77,2001
Grainne,F,74,2002
Grainne,F,74,2003
Grainne,F,102,2004
Grainne,F,55,2005
Grainne,F,70,2006
Grainne,F,59,2007
Grainne,F,75,2008
Grainne,F,45,2009
Grainne,F,39,2010
Grainne,F,42,2011
Grainne,F,31,2012
Grainne,F,36,2013
Grainne,F,21,2017
Stephanie,F,53,1998
Stephanie,F,59,1999
Stephanie,F,48,2000
Stephanie,F,53,2001
Stephanie,F,52,2002
Stephanie,F,58,2003
Stephanie,F,28,2004
Stephanie,F,24,2005
Stephanie,F,33,2006
Stephanie,F,31,2007
Stephanie,F,38,2008
Stephanie,F,26,2009
Stephanie,F,39,2010
Stephanie,F,24,2011
Stephanie,F,17,2012
Stephanie,F,19,2013
Stephanie,F,17,2017
Claudia,F,35,1998
Claudia,F,26,1999
Claudia,F,27,2000
Claudia,F,49,2001
Claudia,F,27,2002
Claudia,F,26,2003
Claudia,F,27,2004
Claudia,F,27,2005
Claudia,F,20,2006
Claudia,F,26,2007
Claudia,F,25,2008
Claudia,F,22,2009
Claudia,F,21,2010
Claudia,F,9,2011
Claudia,F,19,2012
Claudia,F,15,2013
Claudia,F,16,2017
Kellie,F,31,1998
Kellie,F,36,1999
Kellie,F,23,2000
Kellie,F,53,2001
Kellie,F,31,2002
Kellie,F,45,2003
Kellie,F,28,2004
Kellie,F,23,2005
Kellie,F,24,2006
Kellie,F,25,2007
Kellie,F,12,2008
Kellie,F,11,2009
Kellie,F,14,2010
Kellie,F,12,2011
Kellie,F,10,2012
Kellie,F,12,2013
Kellie,F,4,2017
Aishling,F,33,1998
Aishling,F,44,1999
Aishling,F,24,2000
Aishling,F,20,2001
Aishling,F,27,2002
Aishling,F,26,2003
Aishling,F,20,2004
Aishling,F,19,2005
Aishling,F,23,2006
Aishling,F,23,2007
Aishling,F,12,2008
Aishling,F,7,2009
Aishling,F,9,2010
Aishling,F,12,2011
Aishling,F,5,2013
Cliona,F,43,1998
Cliona,F,31,1999
Cliona,F,28,2000
Cliona,F,27,2001
Cliona,F,36,2002
Cliona,F,22,2003
Cliona,F,24,2004
Cliona,F,32,2005
Cliona,F,22,2006
Cliona,F,23,2007
Cliona,F,18,2008
Cliona,F,33,2009
Cliona,F,35,2010
Cliona,F,28,2011
Cliona,F,16,2012
Cliona,F,12,2013
Cliona,F,8,2017
Nadine,F,51,1998
Nadine,F,24,1999
Nadine,F,41,2000
Nadine,F,29,2001
Nadine,F,55,2002
Nadine,F,74,2003
Nadine,F,36,2004
Nadine,F,27,2005
Nadine,F,28,2006
Nadine,F,23,2007
Nadine,F,28,2008
Nadine,F,28,2009
Nadine,F,21,2010
Nadine,F,19,2011
Nadine,F,8,2012
Nadine,F,9,2013
Nadine,F,4,2017
Courtney,F,105,1998
Courtney,F,104,1999
Courtney,F,84,2000
Courtney,F,60,2001
Courtney,F,59,2002
Courtney,F,53,2003
Courtney,F,43,2004
Courtney,F,30,2005
Courtney,F,30,2006
Courtney,F,22,2007
Courtney,F,32,2008
Courtney,F,15,2009
Courtney,F,20,2010
Courtney,F,19,2011
Courtney,F,9,2013
Karen,F,53,1998
Karen,F,49,1999
Karen,F,54,2000
Karen,F,42,2001
Karen,F,22,2002
Karen,F,35,2003
Karen,F,23,2004
Karen,F,15,2005
Karen,F,9,2006
Karen,F,21,2007
Karen,F,17,2008
Karen,F,13,2009
Karen,F,9,2010
Karen,F,9,2011
Karen,F,8,2012
Karen,F,5,2013
Karen,F,8,2017
Louise,F,120,1998
Louise,F,103,1999
Louise,F,84,2000
Louise,F,103,2001
Louise,F,117,2002
Louise,F,91,2003
Louise,F,83,2004
Louise,F,75,2005
Louise,F,62,2006
Louise,F,57,2007
Louise,F,63,2008
Louise,F,58,2009
Louise,F,49,2010
Louise,F,37,2011
Louise,F,22,2012
Louise,F,23,2013
Louise,F,15,2017
Rosie,F,69,2015
Rosie,F,68,2016
Rosie,F,64,2017
Matilda,F,58,2016
Matilda,F,56,2017
Gemma,F,70,1998
Gemma,F,53,1999
Gemma,F,48,2000
Gemma,F,49,2001
Gemma,F,49,2002
Gemma,F,49,2003
Gemma,F,47,2004
Gemma,F,42,2005
Gemma,F,38,2006
Gemma,F,56,2007
Gemma,F,69,2008
Gemma,F,51,2009
Gemma,F,45,2010
Gemma,F,34,2011
Gemma,F,38,2012
Gemma,F,20,2013
Gemma,F,13,2017
Heidi,F,72,2016
Heidi,F,75,2017
Heather,F,39,1998
Heather,F,35,1999
Heather,F,32,2000
Heather,F,43,2001
Heather,F,53,2002
Heather,F,61,2003
Heather,F,43,2004
Heather,F,61,2005
Heather,F,63,2006
Heather,F,61,2007
Heather,F,41,2008
Heather,F,19,2009
Heather,F,21,2010
Heather,F,19,2011
Heather,F,18,2012
Heather,F,10,2013
Heather,F,13,2017
Kim,F,39,1998
Kim,F,36,1999
Kim,F,24,2000
Kim,F,19,2001
Kim,F,28,2002
Kim,F,14,2003
Kim,F,18,2004
Kim,F,15,2005
Kim,F,12,2006
Kim,F,19,2007
Kim,F,5,2008
Kim,F,10,2009
Kim,F,14,2010
Kim,F,8,2011
Kim,F,10,2012
Kim,F,4,2013
Jane,F,61,1998
Jane,F,66,1999
Jane,F,61,2000
Jane,F,68,2001
Jane,F,63,2002
Jane,F,73,2003
Jane,F,70,2004
Jane,F,94,2005
Jane,F,60,2006
Jane,F,62,2007
Jane,F,54,2008
Jane,F,64,2009
Jane,F,62,2010
Jane,F,52,2011
Jane,F,45,2012
Jane,F,51,2013
Jane,F,46,2017
Mairead,F,37,1998
Mairead,F,35,1999
Mairead,F,33,2000
Mairead,F,25,2001
Mairead,F,19,2002
Mairead,F,15,2003
Mairead,F,19,2004
Mairead,F,27,2005
Mairead,F,23,2006
Mairead,F,14,2007
Mairead,F,18,2008
Mairead,F,23,2009
Mairead,F,12,2010
Mairead,F,24,2011
Mairead,F,11,2012
Mairead,F,15,2013
Mairead,F,8,2017
Zoey,F,58,2016
Zoey,F,39,2017
Lorna,F,40,1998
Lorna,F,44,1999
Lorna,F,38,2000
Lorna,F,48,2001
Lorna,F,36,2002
Lorna,F,24,2003
Lorna,F,31,2004
Lorna,F,28,2005
Lorna,F,27,2006
Lorna,F,13,2007
Lorna,F,24,2008
Lorna,F,14,2009
Lorna,F,22,2010
Lorna,F,10,2011
Lorna,F,6,2012
Lorna,F,6,2013
Lorna,F,9,2017
Willow,F,90,2016
Willow,F,80,2017
Annabelle,F,76,2015
Annabelle,F,54,2017
Isla,F,81,2014
Isla,F,94,2015
Isla,F,113,2016
Isla,F,143,2017
Lauryn,F,10,1998
Lauryn,F,64,1999
Lauryn,F,99,2000
Lauryn,F,36,2001
Lauryn,F,39,2002
Lauryn,F,22,2003
Lauryn,F,17,2004
Lauryn,F,27,2005
Lauryn,F,20,2006
Lauryn,F,10,2007
Lauryn,F,26,2008
Lauryn,F,9,2009
Lauryn,F,10,2010
Lauryn,F,12,2011
Lauryn,F,15,2012
Lauryn,F,11,2013
Lauryn,F,3,2017
Shauna,F,267,1998
Shauna,F,270,1999
Shauna,F,288,2000
Shauna,F,299,2001
Shauna,F,232,2002
Shauna,F,231,2003
Shauna,F,194,2004
Shauna,F,168,2005
Shauna,F,162,2006
Shauna,F,139,2007
Shauna,F,104,2008
Shauna,F,88,2009
Shauna,F,80,2010
Shauna,F,75,2011
Shauna,F,60,2012
Shauna,F,49,2013
Shauna,F,19,2017
Elaine,F,50,1998
Elaine,F,36,1999
Elaine,F,38,2000
Elaine,F,20,2001
Elaine,F,22,2002
Elaine,F,24,2003
Elaine,F,22,2004
Elaine,F,20,2005
Elaine,F,14,2006
Elaine,F,6,2007
Elaine,F,18,2008
Elaine,F,14,2009
Elaine,F,10,2010
Elaine,F,11,2011
Elaine,F,6,2012
Elaine,F,8,2013
Elaine,F,5,2017
Aria,F,58,2016
Aria,F,76,2017
Harper,F,97,2016
Harper,F,111,2017
Mila,F,72,2015
Mila,F,70,2016
Mila,F,5,2017
Jack,M,543,1998
Jack,M,743,1999
Jack,M,846,2000
Jack,M,930,2001
Jack,M,868,2002
Jack,M,800,2003
Jack,M,835,2004
Jack,M,931,2005
Jack,M,987,2006
Jack,M,1073,2007
Jack,M,1151,2008
Jack,M,1061,2009
Jack,M,914,2010
Jack,M,840,2011
Jack,M,831,2012
Jack,M,764,2013
Jack,M,786,2014
Jack,M,752,2015
Jack,M,684,2016
Jack,M,685,2017
James,M,472,1998
James,M,629,1999
James,M,594,2000
James,M,613,2001
James,M,581,2002
James,M,626,2003
James,M,688,2004
James,M,699,2005
James,M,678,2006
James,M,713,2007
James,M,737,2008
James,M,705,2009
James,M,733,2010
James,M,796,2011
James,M,773,2012
James,M,746,2013
James,M,695,2014
James,M,697,2015
James,M,688,2016
James,M,619,2017
Daniel,M,428,1998
Daniel,M,479,1999
Daniel,M,467,2000
Daniel,M,475,2001
Daniel,M,559,2002
Daniel,M,617,2003
Daniel,M,630,2004
Daniel,M,654,2005
Daniel,M,636,2006
Daniel,M,725,2007
Daniel,M,828,2008
Daniel,M,832,2009
Daniel,M,784,2010
Daniel,M,711,2011
Daniel,M,683,2012
Daniel,M,678,2013
Daniel,M,638,2014
Daniel,M,617,2015
Daniel,M,558,2016
Daniel,M,536,2017
Conor,M,761,1998
Conor,M,761,1999
Conor,M,700,2000
Conor,M,702,2001
Conor,M,748,2002
Conor,M,705,2003
Conor,M,736,2004
Conor,M,705,2005
Conor,M,731,2006
Conor,M,821,2007
Conor,M,857,2008
Conor,M,775,2009
Conor,M,714,2010
Conor,M,709,2011
Conor,M,639,2012
Conor,M,610,2013
Conor,M,581,2014
Conor,M,558,2015
Conor,M,558,2016
Conor,M,472,2017
Sean,M,662,1998
Sean,M,760,1999
Sean,M,816,2000
Sean,M,867,2001
Sean,M,866,2002
Sean,M,897,2003
Sean,M,928,2004
Sean,M,893,2005
Sean,M,994,2006
Sean,M,965,2007
Sean,M,970,2008
Sean,M,927,2009
Sean,M,812,2010
Sean,M,755,2011
Sean,M,677,2012
Sean,M,609,2013
Sean,M,526,2014
Sean,M,530,2015
Sean,M,501,2016
Sean,M,453,2017
Adam,M,460,1998
Adam,M,588,1999
Adam,M,653,2000
Adam,M,833,2001
Adam,M,798,2002
Adam,M,787,2003
Adam,M,688,2004
Adam,M,710,2005
Adam,M,693,2006
Adam,M,659,2007
Adam,M,645,2008
Adam,M,611,2009
Adam,M,568,2010
Adam,M,637,2011
Adam,M,558,2012
Adam,M,518,2013
Adam,M,493,2014
Adam,M,449,2015
Adam,M,400,2016
Adam,M,389,2017
Ryan,M,326,1998
Ryan,M,418,1999
Ryan,M,356,2000
Ryan,M,349,2001
Ryan,M,365,2002
Ryan,M,425,2003
Ryan,M,451,2004
Ryan,M,432,2005
Ryan,M,431,2006
Ryan,M,553,2007
Ryan,M,670,2008
Ryan,M,633,2009
Ryan,M,662,2010
Ryan,M,685,2011
Ryan,M,510,2012
Ryan,M,459,2013
Ryan,M,373,2014
Ryan,M,329,2015
Ryan,M,318,2016
Ryan,M,260,2017
Michael,M,438,1998
Michael,M,527,1999
Michael,M,483,2000
Michael,M,483,2001
Michael,M,520,2002
Michael,M,525,2003
Michael,M,527,2004
Michael,M,484,2005
Michael,M,509,2006
Michael,M,521,2007
Michael,M,483,2008
Michael,M,499,2009
Michael,M,455,2010
Michael,M,496,2011
Michael,M,462,2012
Michael,M,432,2013
Michael,M,379,2014
Michael,M,434,2015
Michael,M,394,2016
Michael,M,359,2017
Harry,M,42,1998
Harry,M,86,1999
Harry,M,95,2000
Harry,M,115,2001
Harry,M,98,2002
Harry,M,118,2003
Harry,M,137,2004
Harry,M,150,2005
Harry,M,193,2006
Harry,M,251,2007
Harry,M,276,2008
Harry,M,302,2009
Harry,M,359,2010
Harry,M,499,2011
Harry,M,510,2012
Harry,M,430,2013
Harry,M,398,2014
Harry,M,358,2015
Harry,M,374,2016
Harry,M,410,2017
Noah,M,9,1999
Noah,M,7,2000
Noah,M,18,2001
Noah,M,26,2002
Noah,M,33,2003
Noah,M,83,2004
Noah,M,123,2005
Noah,M,158,2006
Noah,M,163,2007
Noah,M,181,2008
Noah,M,210,2009
Noah,M,313,2010
Noah,M,333,2011
Noah,M,390,2012
Noah,M,418,2013
Noah,M,434,2014
Noah,M,438,2015
Noah,M,446,2016
Noah,M,442,2017
Thomas,M,306,1998
Thomas,M,332,1999
Thomas,M,351,2000
Thomas,M,377,2001
Thomas,M,349,2002
Thomas,M,375,2003
Thomas,M,371,2004
Thomas,M,397,2005
Thomas,M,432,2006
Thomas,M,440,2007
Thomas,M,432,2008
Thomas,M,408,2009
Thomas,M,341,2010
Thomas,M,403,2011
Thomas,M,403,2012
Thomas,M,412,2013
Thomas,M,362,2014
Thomas,M,379,2015
Thomas,M,328,2016
Thomas,M,291,2017
Alex,M,93,1998
Alex,M,112,1999
Alex,M,150,2000
Alex,M,160,2001
Alex,M,193,2002
Alex,M,268,2003
Alex,M,322,2004
Alex,M,336,2005
Alex,M,367,2006
Alex,M,401,2007
Alex,M,501,2008
Alex,M,496,2009
Alex,M,540,2010
Alex,M,492,2011
Alex,M,392,2012
Alex,M,406,2013
Alex,M,383,2014
Alex,M,361,2015
Alex,M,320,2016
Alex,M,347,2017
Luke,M,327,1998
Luke,M,410,1999
Luke,M,488,2000
Luke,M,517,2001
Luke,M,489,2002
Luke,M,474,2003
Luke,M,544,2004
Luke,M,544,2005
Luke,M,536,2006
Luke,M,538,2007
Luke,M,516,2008
Luke,M,495,2009
Luke,M,509,2010
Luke,M,487,2011
Luke,M,457,2012
Luke,M,403,2013
Luke,M,437,2014
Luke,M,382,2015
Luke,M,375,2016
Luke,M,420,2017
Oisin,M,174,1998
Oisin,M,249,1999
Oisin,M,287,2000
Oisin,M,283,2001
Oisin,M,300,2002
Oisin,M,342,2003
Oisin,M,384,2004
Oisin,M,370,2005
Oisin,M,413,2006
Oisin,M,407,2007
Oisin,M,454,2008
Oisin,M,420,2009
Oisin,M,384,2010
Oisin,M,436,2011
Oisin,M,407,2012
Oisin,M,392,2013
Oisin,M,381,2014
Oisin,M,365,2015
Oisin,M,398,2016
Oisin,M,351,2017
Charlie,M,20,1998
Charlie,M,32,1999
Charlie,M,36,2000
Charlie,M,40,2001
Charlie,M,58,2002
Charlie,M,79,2003
Charlie,M,118,2004
Charlie,M,148,2005
Charlie,M,218,2006
Charlie,M,221,2007
Charlie,M,292,2008
Charlie,M,307,2009
Charlie,M,371,2010
Charlie,M,396,2011
Charlie,M,432,2012
Charlie,M,383,2013
Charlie,M,389,2014
Charlie,M,399,2015
Charlie,M,369,2016
Charlie,M,338,2017
Patrick,M,306,1998
Patrick,M,343,1999
Patrick,M,362,2000
Patrick,M,365,2001
Patrick,M,366,2002
Patrick,M,343,2003
Patrick,M,357,2004
Patrick,M,381,2005
Patrick,M,392,2006
Patrick,M,402,2007
Patrick,M,433,2008
Patrick,M,397,2009
Patrick,M,379,2010
Patrick,M,390,2011
Patrick,M,388,2012
Patrick,M,369,2013
Patrick,M,358,2014
Patrick,M,350,2015
Patrick,M,319,2016
Patrick,M,300,2017
Cian,M,362,1998
Cian,M,420,1999
Cian,M,557,2000
Cian,M,557,2001
Cian,M,536,2002
Cian,M,501,2003
Cian,M,546,2004
Cian,M,561,2005
Cian,M,520,2006
Cian,M,527,2007
Cian,M,493,2008
Cian,M,467,2009
Cian,M,417,2010
Cian,M,461,2011
Cian,M,406,2012
Cian,M,368,2013
Cian,M,361,2014
Cian,M,358,2015
Cian,M,344,2016
Cian,M,291,2017
Liam,M,197,1998
Liam,M,290,1999
Liam,M,257,2000
Liam,M,267,2001
Liam,M,290,2002
Liam,M,316,2003
Liam,M,310,2004
Liam,M,297,2005
Liam,M,295,2006
Liam,M,339,2007
Liam,M,437,2008
Liam,M,453,2009
Liam,M,405,2010
Liam,M,412,2011
Liam,M,427,2012
Liam,M,365,2013
Liam,M,378,2014
Liam,M,324,2015
Liam,M,333,2016
Liam,M,312,2017
Darragh,M,211,1998
Darragh,M,237,1999
Darragh,M,245,2000
Darragh,M,298,2001
Darragh,M,310,2002
Darragh,M,356,2003
Darragh,M,414,2004
Darragh,M,377,2005
Darragh,M,429,2006
Darragh,M,472,2007
Darragh,M,458,2008
Darragh,M,462,2009
Darragh,M,403,2010
Darragh,M,401,2011
Darragh,M,389,2012
Darragh,M,365,2013
Darragh,M,347,2014
Darragh,M,302,2015
Darragh,M,322,2016
Darragh,M,300,2017
Dylan,M,443,1998
Dylan,M,445,1999
Dylan,M,477,2000
Dylan,M,538,2001
Dylan,M,485,2002
Dylan,M,478,2003
Dylan,M,479,2004
Dylan,M,467,2005
Dylan,M,456,2006
Dylan,M,516,2007
Dylan,M,519,2008
Dylan,M,470,2009
Dylan,M,484,2010
Dylan,M,492,2011
Dylan,M,471,2012
Dylan,M,360,2013
Dylan,M,384,2014
Dylan,M,343,2015
Dylan,M,286,2016
Dylan,M,252,2017
Jamie,M,224,1998
Jamie,M,289,1999
Jamie,M,294,2000
Jamie,M,342,2001
Jamie,M,333,2002
Jamie,M,327,2003
Jamie,M,406,2004
Jamie,M,408,2005
Jamie,M,494,2006
Jamie,M,412,2007
Jamie,M,481,2008
Jamie,M,463,2009
Jamie,M,465,2010
Jamie,M,448,2011
Jamie,M,404,2012
Jamie,M,359,2013
Jamie,M,328,2014
Jamie,M,286,2015
Jamie,M,267,2016
Jamie,M,291,2017
Matthew,M,281,1998
Matthew,M,259,1999
Matthew,M,275,2000
Matthew,M,287,2001
Matthew,M,351,2002
Matthew,M,304,2003
Matthew,M,361,2004
Matthew,M,379,2005
Matthew,M,395,2006
Matthew,M,430,2007
Matthew,M,408,2008
Matthew,M,341,2009
Matthew,M,337,2010
Matthew,M,331,2011
Matthew,M,336,2012
Matthew,M,323,2013
Matthew,M,260,2014
Matthew,M,279,2015
Matthew,M,247,2016
Matthew,M,256,2017
Cillian,M,92,1998
Cillian,M,98,1999
Cillian,M,111,2000
Cillian,M,114,2001
Cillian,M,99,2002
Cillian,M,116,2003
Cillian,M,176,2004
Cillian,M,167,2005
Cillian,M,300,2006
Cillian,M,377,2007
Cillian,M,350,2008
Cillian,M,344,2009
Cillian,M,347,2010
Cillian,M,360,2011
Cillian,M,341,2012
Cillian,M,322,2013
Cillian,M,350,2014
Cillian,M,299,2015
Cillian,M,298,2016
Cillian,M,302,2017
Aaron,M,449,1998
Aaron,M,500,1999
Aaron,M,401,2000
Aaron,M,459,2001
Aaron,M,467,2002
Aaron,M,411,2003
Aaron,M,503,2004
Aaron,M,488,2005
Aaron,M,488,2006
Aaron,M,485,2007
Aaron,M,485,2008
Aaron,M,439,2009
Aaron,M,435,2010
Aaron,M,423,2011
Aaron,M,372,2012
Aaron,M,320,2013
Aaron,M,303,2014
Aaron,M,281,2015
Aaron,M,271,2016
Aaron,M,230,2017
Fionn,M,47,1998
Fionn,M,47,1999
Fionn,M,90,2000
Fionn,M,94,2001
Fionn,M,99,2002
Fionn,M,102,2003
Fionn,M,172,2004
Fionn,M,184,2005
Fionn,M,195,2006
Fionn,M,246,2007
Fionn,M,239,2008
Fionn,M,247,2009
Fionn,M,264,2010
Fionn,M,255,2011
Fionn,M,292,2012
Fionn,M,304,2013
Fionn,M,270,2014
Fionn,M,325,2015
Fionn,M,308,2016
Fionn,M,314,2017
Jake,M,110,1998
Jake,M,125,1999
Jake,M,161,2000
Jake,M,224,2001
Jake,M,227,2002
Jake,M,236,2003
Jake,M,206,2004
Jake,M,276,2005
Jake,M,297,2006
Jake,M,320,2007
Jake,M,286,2008
Jake,M,245,2009
Jake,M,290,2010
Jake,M,247,2011
Jake,M,265,2012
Jake,M,295,2013
Jake,M,263,2014
Jake,M,285,2015
Jake,M,225,2016
Jake,M,184,2017
John,M,340,1998
John,M,369,1999
John,M,398,2000
John,M,372,2001
John,M,362,2002
John,M,333,2003
John,M,366,2004
John,M,386,2005
John,M,394,2006
John,M,392,2007
John,M,377,2008
John,M,346,2009
John,M,341,2010
John,M,312,2011
John,M,297,2012
John,M,287,2013
John,M,293,2014
John,M,266,2015
John,M,269,2016
John,M,266,2017
David,M,439,1998
David,M,524,1999
David,M,492,2000
David,M,549,2001
David,M,501,2002
David,M,480,2003
David,M,459,2004
David,M,401,2005
David,M,383,2006
David,M,418,2007
David,M,403,2008
David,M,321,2009
David,M,328,2010
David,M,331,2011
David,M,292,2012
David,M,262,2013
David,M,306,2014
David,M,293,2015
David,M,253,2016
David,M,255,2017
Ben,M,137,1998
Ben,M,196,1999
Ben,M,234,2000
Ben,M,258,2001
Ben,M,345,2002
Ben,M,348,2003
Ben,M,399,2004
Ben,M,401,2005
Ben,M,385,2006
Ben,M,336,2007
Ben,M,349,2008
Ben,M,321,2009
Ben,M,304,2010
Ben,M,294,2011
Ben,M,232,2012
Ben,M,253,2013
Ben,M,252,2014
Ben,M,265,2015
Ben,M,250,2016
Ben,M,204,2017
Finn,M,19,1998
Finn,M,15,1999
Finn,M,31,2000
Finn,M,55,2001
Finn,M,63,2002
Finn,M,83,2003
Finn,M,92,2004
Finn,M,137,2005
Finn,M,116,2006
Finn,M,150,2007
Finn,M,172,2008
Finn,M,185,2009
Finn,M,187,2010
Finn,M,242,2011
Finn,M,218,2012
Finn,M,246,2013
Finn,M,224,2014
Finn,M,260,2015
Finn,M,314,2016
Finn,M,265,2017
Nathan,M,178,1998
Nathan,M,245,1999
Nathan,M,223,2000
Nathan,M,242,2001
Nathan,M,258,2002
Nathan,M,275,2003
Nathan,M,271,2004
Nathan,M,296,2005
Nathan,M,255,2006
Nathan,M,215,2007
Nathan,M,245,2008
Nathan,M,252,2009
Nathan,M,294,2010
Nathan,M,282,2011
Nathan,M,295,2012
Nathan,M,236,2013
Nathan,M,255,2014
Nathan,M,231,2015
Nathan,M,192,2016
Nathan,M,187,2017
Kyle,M,96,1998
Kyle,M,99,1999
Kyle,M,139,2000
Kyle,M,126,2001
Kyle,M,190,2002
Kyle,M,200,2003
Kyle,M,216,2004
Kyle,M,210,2005
Kyle,M,202,2006
Kyle,M,210,2007
Kyle,M,223,2008
Kyle,M,213,2009
Kyle,M,225,2010
Kyle,M,242,2011
Kyle,M,252,2012
Kyle,M,228,2013
Kyle,M,222,2014
Kyle,M,217,2015
Kyle,M,191,2016
Kyle,M,114,2017
Samuel,M,96,1998
Samuel,M,115,1999
Samuel,M,119,2000
Samuel,M,146,2001
Samuel,M,166,2002
Samuel,M,193,2003
Samuel,M,209,2004
Samuel,M,210,2005
Samuel,M,224,2006
Samuel,M,225,2007
Samuel,M,218,2008
Samuel,M,237,2009
Samuel,M,222,2010
Samuel,M,230,2011
Samuel,M,213,2012
Samuel,M,217,2013
Samuel,M,193,2014
Samuel,M,176,2015
Samuel,M,193,2016
Samuel,M,150,2017
Evan,M,188,1998
Evan,M,208,1999
Evan,M,250,2000
Evan,M,248,2001
Evan,M,245,2002
Evan,M,303,2003
Evan,M,337,2004
Evan,M,324,2005
Evan,M,364,2006
Evan,M,360,2007
Evan,M,317,2008
Evan,M,328,2009
Evan,M,311,2010
Evan,M,298,2011
Evan,M,278,2012
Evan,M,214,2013
Evan,M,224,2014
Evan,M,207,2015
Evan,M,216,2016
Evan,M,167,2017
Max,M,14,1998
Max,M,20,1999
Max,M,32,2000
Max,M,40,2001
Max,M,37,2002
Max,M,56,2003
Max,M,67,2004
Max,M,92,2005
Max,M,98,2006
Max,M,116,2007
Max,M,165,2008
Max,M,163,2009
Max,M,181,2010
Max,M,194,2011
Max,M,232,2012
Max,M,213,2013
Max,M,201,2014
Max,M,173,2015
Max,M,214,2016
Max,M,182,2017
Ethan,M,53,1998
Ethan,M,76,1999
Ethan,M,83,2000
Ethan,M,135,2001
Ethan,M,128,2002
Ethan,M,141,2003
Ethan,M,160,2004
Ethan,M,151,2005
Ethan,M,139,2006
Ethan,M,176,2007
Ethan,M,170,2008
Ethan,M,197,2009
Ethan,M,267,2010
Ethan,M,253,2011
Ethan,M,268,2012
Ethan,M,211,2013
Ethan,M,234,2014
Ethan,M,181,2015
Ethan,M,190,2016
Ethan,M,186,2017
Rian,M,28,1998
Rian,M,20,1999
Rian,M,35,2000
Rian,M,44,2001
Rian,M,40,2002
Rian,M,36,2003
Rian,M,59,2004
Rian,M,75,2005
Rian,M,86,2006
Rian,M,139,2007
Rian,M,144,2008
Rian,M,150,2009
Rian,M,158,2010
Rian,M,213,2011
Rian,M,243,2012
Rian,M,208,2013
Rian,M,215,2014
Rian,M,200,2015
Rian,M,231,2016
Rian,M,257,2017
Joseph,M,168,1998
Joseph,M,219,1999
Joseph,M,220,2000
Joseph,M,243,2001
Joseph,M,201,2002
Joseph,M,218,2003
Joseph,M,232,2004
Joseph,M,226,2005
Joseph,M,195,2006
Joseph,M,242,2007
Joseph,M,268,2008
Joseph,M,244,2009
Joseph,M,225,2010
Joseph,M,214,2011
Joseph,M,196,2012
Joseph,M,207,2013
Joseph,M,197,2014
Joseph,M,174,2015
Joseph,M,153,2016
Joseph,M,162,2017
Alexander,M,66,1998
Alexander,M,88,1999
Alexander,M,81,2000
Alexander,M,102,2001
Alexander,M,119,2002
Alexander,M,136,2003
Alexander,M,132,2004
Alexander,M,152,2005
Alexander,M,134,2006
Alexander,M,145,2007
Alexander,M,185,2008
Alexander,M,177,2009
Alexander,M,174,2010
Alexander,M,183,2011
Alexander,M,161,2012
Alexander,M,202,2013
Alexander,M,211,2014
Alexander,M,169,2015
Alexander,M,160,2016
Alexander,M,180,2017
Mason,M,18,2008
Mason,M,115,2011
Mason,M,159,2012
Mason,M,201,2013
Mason,M,187,2014
Mason,M,186,2015
Mason,M,186,2016
Mason,M,158,2017
Oliver,M,10,1998
Oliver,M,19,1999
Oliver,M,16,2000
Oliver,M,28,2001
Oliver,M,25,2002
Oliver,M,30,2003
Oliver,M,46,2004
Oliver,M,46,2005
Oliver,M,61,2006
Oliver,M,99,2007
Oliver,M,98,2008
Oliver,M,139,2009
Oliver,M,167,2010
Oliver,M,167,2011
Oliver,M,155,2012
Oliver,M,199,2013
Oliver,M,199,2014
Oliver,M,259,2015
Oliver,M,244,2016
Oliver,M,249,2017
Joshua,M,108,1998
Joshua,M,147,1999
Joshua,M,216,2000
Joshua,M,257,2001
Joshua,M,345,2002
Joshua,M,352,2003
Joshua,M,364,2004
Joshua,M,324,2005
Joshua,M,341,2006
Joshua,M,311,2007
Joshua,M,302,2008
Joshua,M,256,2009
Joshua,M,256,2010
Joshua,M,249,2011
Joshua,M,210,2012
Joshua,M,198,2013
Joshua,M,203,2014
Joshua,M,162,2015
Joshua,M,179,2016
Joshua,M,155,2017
William,M,95,1998
William,M,130,1999
William,M,156,2000
William,M,130,2001
William,M,139,2002
William,M,125,2003
William,M,141,2004
William,M,149,2005
William,M,149,2006
William,M,179,2007
William,M,181,2008
William,M,164,2009
William,M,188,2010
William,M,190,2011
William,M,169,2012
William,M,195,2013
William,M,165,2014
William,M,157,2015
William,M,155,2016
William,M,139,2017
Eoin,M,295,1998
Eoin,M,347,1999
Eoin,M,368,2000
Eoin,M,349,2001
Eoin,M,361,2002
Eoin,M,356,2003
Eoin,M,429,2004
Eoin,M,370,2005
Eoin,M,356,2006
Eoin,M,354,2007
Eoin,M,311,2008
Eoin,M,367,2009
Eoin,M,294,2010
Eoin,M,251,2011
Eoin,M,228,2012
Eoin,M,194,2013
Eoin,M,179,2014
Eoin,M,162,2015
Eoin,M,135,2016
Eoin,M,120,2017
Jayden,M,9,2004
Jayden,M,8,2005
Jayden,M,13,2006
Jayden,M,83,2007
Jayden,M,167,2008
Jayden,M,181,2009
Jayden,M,183,2010
Jayden,M,177,2011
Jayden,M,197,2012
Jayden,M,191,2013
Jayden,M,153,2014
Jayden,M,127,2015
Jayden,M,125,2016
Jayden,M,114,2017
Oscar,M,20,1998
Oscar,M,25,1999
Oscar,M,17,2000
Oscar,M,33,2001
Oscar,M,42,2002
Oscar,M,45,2003
Oscar,M,54,2004
Oscar,M,80,2005
Oscar,M,68,2006
Oscar,M,89,2007
Oscar,M,132,2008
Oscar,M,131,2009
Oscar,M,131,2010
Oscar,M,135,2011
Oscar,M,184,2013
Oscar,M,179,2014
Oscar,M,170,2015
Oscar,M,172,2016
Oscar,M,168,2017
Callum,M,43,1998
Callum,M,71,1999
Callum,M,86,2000
Callum,M,76,2001
Callum,M,110,2002
Callum,M,138,2003
Callum,M,130,2004
Callum,M,216,2005
Callum,M,368,2006
Callum,M,239,2007
Callum,M,224,2008
Callum,M,297,2009
Callum,M,288,2010
Callum,M,245,2011
Callum,M,215,2012
Callum,M,181,2013
Callum,M,214,2014
Callum,M,173,2015
Callum,M,162,2016
Callum,M,171,2017
Aidan,M,86,1998
Aidan,M,87,1999
Aidan,M,75,2000
Aidan,M,84,2001
Aidan,M,109,2002
Aidan,M,109,2003
Aidan,M,124,2004
Aidan,M,106,2005
Aidan,M,120,2006
Aidan,M,149,2007
Aidan,M,151,2008
Aidan,M,196,2009
Aidan,M,182,2010
Aidan,M,229,2011
Aidan,M,172,2012
Aidan,M,179,2013
Aidan,M,159,2014
Aidan,M,154,2015
Aidan,M,152,2016
Aidan,M,127,2017
Tom,M,31,1998
Tom,M,30,1999
Tom,M,38,2000
Tom,M,56,2001
Tom,M,61,2002
Tom,M,74,2003
Tom,M,60,2004
Tom,M,80,2005
Tom,M,100,2006
Tom,M,107,2007
Tom,M,113,2008
Tom,M,139,2009
Tom,M,123,2010
Tom,M,126,2011
Tom,M,157,2012
Tom,M,178,2013
Tom,M,185,2014
Tom,M,192,2015
Tom,M,197,2016
Tom,M,155,2017
Robert,M,214,1998
Robert,M,240,1999
Robert,M,200,2000
Robert,M,240,2001
Robert,M,227,2002
Robert,M,204,2003
Robert,M,196,2004
Robert,M,205,2005
Robert,M,206,2006
Robert,M,207,2007
Robert,M,172,2008
Robert,M,202,2009
Robert,M,196,2010
Robert,M,169,2011
Robert,M,175,2012
Robert,M,175,2013
Robert,M,154,2014
Robert,M,147,2015
Robert,M,132,2016
Robert,M,109,2017
Sam,M,46,1998
Sam,M,57,1999
Sam,M,54,2000
Sam,M,63,2001
Sam,M,88,2002
Sam,M,93,2003
Sam,M,132,2004
Sam,M,134,2005
Sam,M,128,2006
Sam,M,138,2007
Sam,M,155,2008
Sam,M,201,2009
Sam,M,205,2010
Sam,M,196,2011
Sam,M,183,2012
Sam,M,166,2013
Sam,M,195,2014
Sam,M,190,2015
Sam,M,190,2016
Sam,M,165,2017
Tadhg,M,38,1998
Tadhg,M,49,1999
Tadhg,M,55,2000
Tadhg,M,64,2001
Tadhg,M,68,2002
Tadhg,M,73,2003
Tadhg,M,100,2004
Tadhg,M,112,2005
Tadhg,M,122,2006
Tadhg,M,170,2007
Tadhg,M,192,2008
Tadhg,M,205,2009
Tadhg,M,216,2010
Tadhg,M,232,2011
Tadhg,M,224,2012
Tadhg,M,166,2013
Tadhg,M,177,2014
Tadhg,M,230,2015
Tadhg,M,228,2016
Tadhg,M,254,2017
Jacob,M,17,1998
Jacob,M,19,1999
Jacob,M,39,2000
Jacob,M,37,2001
Jacob,M,37,2002
Jacob,M,42,2003
Jacob,M,38,2004
Jacob,M,48,2005
Jacob,M,49,2006
Jacob,M,75,2007
Jacob,M,71,2008
Jacob,M,69,2009
Jacob,M,97,2010
Jacob,M,131,2011
Jacob,M,140,2012
Jacob,M,158,2013
Jacob,M,170,2014
Jacob,M,159,2015
Jacob,M,195,2016
Jacob,M,175,2017
Cathal,M,195,1998
Cathal,M,162,1999
Cathal,M,207,2000
Cathal,M,198,2001
Cathal,M,179,2002
Cathal,M,170,2003
Cathal,M,209,2004
Cathal,M,226,2005
Cathal,M,219,2006
Cathal,M,210,2007
Cathal,M,233,2008
Cathal,M,191,2009
Cathal,M,199,2010
Cathal,M,208,2011
Cathal,M,160,2012
Cathal,M,156,2013
Cathal,M,121,2014
Cathal,M,118,2015
Cathal,M,116,2016
Cathal,M,114,2017
Shane,M,415,1998
Shane,M,444,1999
Shane,M,400,2000
Shane,M,385,2001
Shane,M,343,2002
Shane,M,335,2003
Shane,M,379,2004
Shane,M,355,2005
Shane,M,366,2006
Shane,M,343,2007
Shane,M,294,2008
Shane,M,258,2009
Shane,M,274,2010
Shane,M,209,2011
Shane,M,176,2012
Shane,M,151,2013
Shane,M,141,2014
Shane,M,109,2015
Shane,M,119,2016
Shane,M,86,2017
Leon,M,33,1998
Leon,M,75,1999
Leon,M,71,2000
Leon,M,94,2001
Leon,M,67,2002
Leon,M,71,2003
Leon,M,76,2004
Leon,M,77,2005
Leon,M,97,2006
Leon,M,106,2007
Leon,M,188,2008
Leon,M,170,2009
Leon,M,153,2010
Leon,M,171,2011
Leon,M,161,2012
Leon,M,149,2013
Leon,M,152,2014
Leon,M,147,2015
Leon,M,128,2016
Leon,M,140,2017
Mark,M,339,1998
Mark,M,345,1999
Mark,M,351,2000
Mark,M,366,2001
Mark,M,336,2002
Mark,M,302,2003
Mark,M,316,2004
Mark,M,285,2005
Mark,M,265,2006
Mark,M,264,2007
Mark,M,254,2008
Mark,M,249,2009
Mark,M,192,2010
Mark,M,177,2011
Mark,M,175,2012
Mark,M,148,2013
Mark,M,129,2014
Mark,M,119,2015
Mark,M,98,2016
Mark,M,119,2017
Senan,M,8,1998
Senan,M,8,1999
Senan,M,8,2000
Senan,M,10,2001
Senan,M,14,2002
Senan,M,21,2003
Senan,M,48,2004
Senan,M,53,2005
Senan,M,65,2006
Senan,M,72,2007
Senan,M,97,2008
Senan,M,95,2009
Senan,M,102,2010
Senan,M,121,2011
Senan,M,126,2012
Senan,M,147,2013
Senan,M,140,2014
Senan,M,136,2015
Senan,M,128,2016
Senan,M,125,2017
Bobby,M,5,1999
Bobby,M,8,2001
Bobby,M,10,2002
Bobby,M,17,2003
Bobby,M,30,2004
Bobby,M,56,2005
Bobby,M,44,2006
Bobby,M,66,2007
Bobby,M,72,2008
Bobby,M,95,2009
Bobby,M,124,2010
Bobby,M,133,2011
Bobby,M,141,2012
Bobby,M,146,2013
Bobby,M,152,2014
Bobby,M,158,2015
Bobby,M,165,2016
Bobby,M,161,2017
Ronan,M,143,1998
Ronan,M,147,1999
Ronan,M,165,2000
Ronan,M,139,2001
Ronan,M,122,2002
Ronan,M,132,2003
Ronan,M,182,2004
Ronan,M,169,2005
Ronan,M,164,2006
Ronan,M,200,2007
Ronan,M,191,2008
Ronan,M,223,2009
Ronan,M,175,2010
Ronan,M,187,2011
Ronan,M,167,2012
Ronan,M,143,2013
Ronan,M,131,2014
Ronan,M,136,2015
Ronan,M,99,2016
Ronan,M,95,2017
Andrew,M,245,1998
Andrew,M,239,1999
Andrew,M,230,2000
Andrew,M,218,2001
Andrew,M,172,2002
Andrew,M,199,2003
Andrew,M,216,2004
Andrew,M,183,2005
Andrew,M,182,2006
Andrew,M,189,2007
Andrew,M,192,2008
Andrew,M,157,2009
Andrew,M,139,2010
Andrew,M,140,2011
Andrew,M,151,2012
Andrew,M,143,2013
Andrew,M,137,2014
Andrew,M,131,2015
Andrew,M,98,2016
Andrew,M,94,2017
Eoghan,M,122,1998
Eoghan,M,181,1999
Eoghan,M,153,2000
Eoghan,M,162,2001
Eoghan,M,144,2002
Eoghan,M,158,2003
Eoghan,M,145,2004
Eoghan,M,171,2005
Eoghan,M,149,2006
Eoghan,M,154,2007
Eoghan,M,179,2008
Eoghan,M,220,2009
Eoghan,M,157,2010
Eoghan,M,164,2011
Eoghan,M,166,2012
Eoghan,M,132,2013
Eoghan,M,142,2014
Eoghan,M,109,2015
Eoghan,M,101,2016
Eoghan,M,110,2017
Leo,M,15,1998
Leo,M,14,1999
Leo,M,17,2000
Leo,M,34,2001
Leo,M,44,2002
Leo,M,40,2003
Leo,M,57,2004
Leo,M,64,2005
Leo,M,73,2006
Leo,M,78,2007
Leo,M,81,2008
Leo,M,68,2009
Leo,M,75,2010
Leo,M,97,2011
Leo,M,96,2012
Leo,M,131,2013
Leo,M,142,2014
Leo,M,148,2015
Leo,M,179,2016
Leo,M,193,2017
Lucas,M,7,1998
Lucas,M,13,1999
Lucas,M,11,2000
Lucas,M,11,2001
Lucas,M,17,2002
Lucas,M,16,2003
Lucas,M,15,2004
Lucas,M,28,2005
Lucas,M,49,2006
Lucas,M,78,2007
Lucas,M,73,2008
Lucas,M,102,2009
Lucas,M,97,2010
Lucas,M,96,2011
Lucas,M,109,2012
Lucas,M,130,2013
Lucas,M,110,2014
Lucas,M,89,2015
Lucas,M,123,2016
Lucas,M,120,2017
Rory,M,100,1998
Rory,M,90,1999
Rory,M,89,2000
Rory,M,112,2001
Rory,M,116,2002
Rory,M,130,2003
Rory,M,156,2004
Rory,M,114,2005
Rory,M,170,2006
Rory,M,169,2007
Rory,M,172,2008
Rory,M,172,2009
Rory,M,152,2010
Rory,M,159,2011
Rory,M,200,2012
Rory,M,126,2013
Rory,M,124,2014
Rory,M,108,2015
Rory,M,97,2016
Rory,M,101,2017
Alfie,M,7,2003
Alfie,M,7,2004
Alfie,M,11,2005
Alfie,M,24,2006
Alfie,M,25,2007
Alfie,M,48,2008
Alfie,M,66,2009
Alfie,M,74,2010
Alfie,M,92,2011
Alfie,M,102,2012
Alfie,M,120,2013
Alfie,M,141,2014
Alfie,M,124,2015
Alfie,M,149,2016
Alfie,M,184,2017
Tyler,M,8,1998
Tyler,M,9,1999
Tyler,M,14,2000
Tyler,M,14,2001
Tyler,M,14,2002
Tyler,M,13,2003
Tyler,M,14,2004
Tyler,M,33,2005
Tyler,M,27,2006
Tyler,M,52,2007
Tyler,M,48,2008
Tyler,M,56,2009
Tyler,M,95,2010
Tyler,M,127,2011
Tyler,M,195,2012
Tyler,M,116,2013
Tyler,M,103,2014
Tyler,M,90,2015
Tyler,M,94,2016
Tyler,M,75,2017
Benjamin,M,65,1998
Benjamin,M,77,1999
Benjamin,M,88,2000
Benjamin,M,97,2001
Benjamin,M,125,2002
Benjamin,M,129,2003
Benjamin,M,135,2004
Benjamin,M,143,2005
Benjamin,M,109,2006
Benjamin,M,145,2007
Benjamin,M,139,2008
Benjamin,M,113,2009
Benjamin,M,125,2010
Benjamin,M,108,2011
Benjamin,M,116,2012
Benjamin,M,115,2013
Benjamin,M,134,2014
Benjamin,M,134,2015
Benjamin,M,128,2016
Benjamin,M,105,2017
Cormac,M,91,1998
Cormac,M,115,1999
Cormac,M,126,2000
Cormac,M,113,2001
Cormac,M,127,2002
Cormac,M,118,2003
Cormac,M,147,2004
Cormac,M,183,2005
Cormac,M,185,2006
Cormac,M,153,2007
Cormac,M,167,2008
Cormac,M,158,2009
Cormac,M,137,2010
Cormac,M,141,2011
Cormac,M,116,2012
Cormac,M,115,2013
Cormac,M,102,2014
Cormac,M,84,2015
Cormac,M,85,2016
Cormac,M,75,2017
Scott,M,56,1998
Scott,M,69,1999
Scott,M,85,2000
Scott,M,97,2001
Scott,M,114,2002
Scott,M,117,2003
Scott,M,168,2004
Scott,M,135,2005
Scott,M,134,2006
Scott,M,119,2007
Scott,M,126,2008
Scott,M,112,2009
Scott,M,106,2010
Scott,M,94,2011
Scott,M,118,2012
Scott,M,114,2013
Scott,M,122,2014
Scott,M,107,2015
Scott,M,103,2016
Scott,M,81,2017
Christopher,M,167,1998
Christopher,M,186,1999
Christopher,M,159,2000
Christopher,M,174,2001
Christopher,M,150,2002
Christopher,M,138,2003
Christopher,M,142,2004
Christopher,M,132,2005
Christopher,M,144,2006
Christopher,M,130,2007
Christopher,M,149,2008
Christopher,M,141,2009
Christopher,M,113,2010
Christopher,M,117,2011
Christopher,M,105,2012
Christopher,M,112,2013
Christopher,M,114,2014
Christopher,M,87,2015
Christopher,M,77,2016
Christopher,M,78,2017
Odhran,M,15,1998
Odhran,M,14,1999
Odhran,M,27,2000
Odhran,M,38,2001
Odhran,M,24,2002
Odhran,M,25,2003
Odhran,M,59,2004
Odhran,M,55,2005
Odhran,M,56,2006
Odhran,M,69,2007
Odhran,M,88,2008
Odhran,M,97,2009
Odhran,M,98,2010
Odhran,M,89,2011
Odhran,M,98,2012
Odhran,M,111,2013
Odhran,M,124,2014
Odhran,M,113,2015
Odhran,M,128,2016
Odhran,M,111,2017
Kevin,M,233,1998
Kevin,M,211,1999
Kevin,M,264,2000
Kevin,M,220,2001
Kevin,M,214,2002
Kevin,M,180,2003
Kevin,M,166,2004
Kevin,M,152,2005
Kevin,M,159,2006
Kevin,M,179,2007
Kevin,M,152,2008
Kevin,M,174,2009
Kevin,M,119,2010
Kevin,M,143,2011
Kevin,M,112,2012
Kevin,M,108,2013
Kevin,M,98,2014
Kevin,M,86,2015
Kevin,M,87,2016
Kevin,M,78,2017
Ciaran,M,237,1998
Ciaran,M,230,1999
Ciaran,M,286,2000
Ciaran,M,264,2001
Ciaran,M,252,2002
Ciaran,M,244,2003
Ciaran,M,253,2004
Ciaran,M,226,2005
Ciaran,M,227,2006
Ciaran,M,200,2007
Ciaran,M,217,2008
Ciaran,M,170,2009
Ciaran,M,163,2010
Ciaran,M,155,2011
Ciaran,M,143,2012
Ciaran,M,107,2013
Ciaran,M,137,2014
Ciaran,M,120,2015
Ciaran,M,81,2016
Ciaran,M,89,2017
Dara,M,32,1998
Dara,M,35,1999
Dara,M,49,2000
Dara,M,59,2001
Dara,M,54,2002
Dara,M,70,2003
Dara,M,80,2004
Dara,M,78,2005
Dara,M,86,2006
Dara,M,93,2007
Dara,M,99,2008
Dara,M,106,2009
Dara,M,108,2010
Dara,M,111,2011
Dara,M,94,2012
Dara,M,106,2013
Dara,M,99,2014
Dara,M,102,2015
Dara,M,71,2016
Dara,M,78,2017
Alan,M,140,1998
Alan,M,122,1999
Alan,M,134,2000
Alan,M,113,2001
Alan,M,110,2002
Alan,M,91,2003
Alan,M,86,2004
Alan,M,98,2005
Alan,M,83,2006
Alan,M,121,2007
Alan,M,116,2008
Alan,M,138,2009
Alan,M,114,2010
Alan,M,103,2011
Alan,M,108,2012
Alan,M,104,2013
Alan,M,82,2014
Alan,M,53,2017
Shay,M,10,1998
Shay,M,6,1999
Shay,M,6,2000
Shay,M,12,2001
Shay,M,17,2002
Shay,M,16,2003
Shay,M,23,2004
Shay,M,28,2005
Shay,M,39,2006
Shay,M,47,2007
Shay,M,77,2009
Shay,M,99,2010
Shay,M,72,2011
Shay,M,104,2013
Shay,M,97,2014
Shay,M,98,2015
Shay,M,88,2016
Shay,M,86,2017
Tommy,M,38,2008
Tommy,M,89,2011
Tommy,M,101,2012
Tommy,M,101,2013
Tommy,M,121,2014
Tommy,M,121,2015
Tommy,M,110,2016
Tommy,M,106,2017
Anthony,M,99,1998
Anthony,M,123,1999
Anthony,M,118,2000
Anthony,M,115,2001
Anthony,M,103,2002
Anthony,M,94,2003
Anthony,M,81,2004
Anthony,M,89,2005
Anthony,M,104,2006
Anthony,M,113,2007
Anthony,M,101,2008
Anthony,M,100,2009
Anthony,M,90,2010
Anthony,M,94,2011
Anthony,M,77,2012
Anthony,M,100,2013
Anthony,M,89,2014
Anthony,M,88,2015
Anthony,M,84,2016
Anthony,M,87,2017
Logan,M,80,2012
Logan,M,100,2013
Logan,M,115,2014
Logan,M,132,2015
Logan,M,131,2016
Logan,M,175,2017
Jakub,M,8,2005
Jakub,M,39,2006
Jakub,M,68,2007
Jakub,M,138,2008
Jakub,M,157,2009
Jakub,M,133,2010
Jakub,M,139,2011
Jakub,M,106,2012
Jakub,M,99,2013
Jakub,M,94,2014
Jakub,M,52,2017
Rhys,M,19,1998
Rhys,M,26,1999
Rhys,M,43,2000
Rhys,M,30,2001
Rhys,M,45,2002
Rhys,M,30,2003
Rhys,M,48,2004
Rhys,M,54,2005
Rhys,M,58,2006
Rhys,M,99,2007
Rhys,M,131,2008
Rhys,M,105,2009
Rhys,M,122,2010
Rhys,M,120,2011
Rhys,M,124,2012
Rhys,M,98,2013
Rhys,M,80,2014
Rhys,M,71,2015
Rhys,M,60,2017
Tomas,M,31,1998
Tomas,M,33,1999
Tomas,M,39,2000
Tomas,M,49,2001
Tomas,M,49,2002
Tomas,M,46,2003
Tomas,M,72,2004
Tomas,M,74,2005
Tomas,M,68,2006
Tomas,M,73,2007
Tomas,M,88,2008
Tomas,M,99,2009
Tomas,M,90,2010
Tomas,M,81,2011
Tomas,M,86,2012
Tomas,M,93,2013
Tomas,M,86,2014
Tomas,M,79,2015
Tomas,M,85,2016
Tomas,M,87,2017
Donnacha,M,76,2008
Donnacha,M,100,2011
Donnacha,M,106,2012
Donnacha,M,91,2013
Donnacha,M,92,2014
Donnacha,M,112,2015
Donnacha,M,101,2016
Donnacha,M,136,2017
Kai,M,90,2013
Kai,M,111,2014
Kai,M,90,2015
Kai,M,79,2016
Kai,M,90,2017
Stephen,M,306,1998
Stephen,M,285,1999
Stephen,M,250,2000
Stephen,M,263,2001
Stephen,M,201,2002
Stephen,M,214,2003
Stephen,M,205,2004
Stephen,M,170,2005
Stephen,M,165,2006
Stephen,M,131,2007
Stephen,M,154,2008
Stephen,M,104,2009
Stephen,M,89,2010
Stephen,M,99,2011
Stephen,M,84,2012
Stephen,M,89,2013
Stephen,M,45,2017
Killian,M,94,1998
Killian,M,100,1999
Killian,M,105,2000
Killian,M,121,2001
Killian,M,100,2002
Killian,M,101,2003
Killian,M,96,2004
Killian,M,120,2005
Killian,M,127,2006
Killian,M,130,2007
Killian,M,132,2008
Killian,M,104,2009
Killian,M,125,2010
Killian,M,113,2011
Killian,M,104,2012
Killian,M,88,2013
Killian,M,99,2014
Killian,M,73,2015
Killian,M,83,2016
Killian,M,62,2017
Niall,M,174,1998
Niall,M,197,1999
Niall,M,199,2000
Niall,M,179,2001
Niall,M,175,2002
Niall,M,128,2003
Niall,M,152,2004
Niall,M,147,2005
Niall,M,126,2006
Niall,M,99,2007
Niall,M,98,2008
Niall,M,112,2009
Niall,M,83,2010
Niall,M,91,2011
Niall,M,86,2012
Niall,M,87,2013
Niall,M,85,2014
Niall,M,46,2017
Jason,M,184,1998
Jason,M,201,1999
Jason,M,191,2000
Jason,M,160,2001
Jason,M,183,2002
Jason,M,140,2003
Jason,M,155,2004
Jason,M,116,2005
Jason,M,126,2006
Jason,M,117,2007
Jason,M,123,2008
Jason,M,109,2009
Jason,M,98,2010
Jason,M,114,2011
Jason,M,94,2012
Jason,M,86,2013
Jason,M,71,2016
Jason,M,57,2017
Josh,M,33,1998
Josh,M,42,1999
Josh,M,58,2000
Josh,M,70,2001
Josh,M,109,2002
Josh,M,118,2003
Josh,M,134,2004
Josh,M,142,2005
Josh,M,114,2006
Josh,M,126,2007
Josh,M,114,2008
Josh,M,129,2009
Josh,M,114,2010
Josh,M,99,2011
Josh,M,103,2012
Josh,M,83,2013
Josh,M,94,2014
Josh,M,78,2015
Josh,M,88,2016
Josh,M,59,2017
Kayden,M,82,2013
Kayden,M,66,2017
Brian,M,181,1998
Brian,M,197,1999
Brian,M,204,2000
Brian,M,197,2001
Brian,M,179,2002
Brian,M,169,2003
Brian,M,165,2004
Brian,M,169,2005
Brian,M,145,2006
Brian,M,156,2007
Brian,M,172,2008
Brian,M,113,2009
Brian,M,96,2010
Brian,M,88,2011
Brian,M,90,2012
Brian,M,81,2013
Brian,M,76,2015
Brian,M,49,2017
Martin,M,87,1998
Martin,M,90,1999
Martin,M,104,2000
Martin,M,91,2001
Martin,M,85,2002
Martin,M,86,2003
Martin,M,88,2004
Martin,M,86,2005
Martin,M,91,2006
Martin,M,109,2007
Martin,M,99,2008
Martin,M,106,2009
Martin,M,95,2010
Martin,M,89,2011
Martin,M,91,2012
Martin,M,81,2013
Martin,M,81,2014
Martin,M,88,2015
Martin,M,83,2016
Martin,M,105,2017
Ruairi,M,29,1998
Ruairi,M,40,1999
Ruairi,M,46,2000
Ruairi,M,46,2001
Ruairi,M,49,2002
Ruairi,M,59,2003
Ruairi,M,57,2004
Ruairi,M,68,2005
Ruairi,M,78,2006
Ruairi,M,74,2007
Ruairi,M,93,2008
Ruairi,M,92,2009
Ruairi,M,89,2010
Ruairi,M,86,2011
Ruairi,M,99,2012
Ruairi,M,81,2013
Ruairi,M,84,2014
Ruairi,M,73,2015
Ruairi,M,77,2017
Isaac,M,95,2012
Isaac,M,80,2013
Isaac,M,101,2014
Isaac,M,100,2015
Isaac,M,71,2016
Isaac,M,86,2017
Danny,M,88,2012
Danny,M,77,2013
Danny,M,100,2014
Danny,M,116,2015
Danny,M,100,2016
Danny,M,111,2017
Edward,M,58,1998
Edward,M,70,1999
Edward,M,65,2000
Edward,M,75,2001
Edward,M,62,2002
Edward,M,70,2003
Edward,M,63,2004
Edward,M,58,2005
Edward,M,53,2006
Edward,M,85,2007
Edward,M,85,2008
Edward,M,75,2009
Edward,M,72,2010
Edward,M,85,2011
Edward,M,84,2012
Edward,M,77,2013
Edward,M,76,2015
Edward,M,81,2016
Edward,M,69,2017
Hugh,M,40,1998
Hugh,M,45,1999
Hugh,M,43,2000
Hugh,M,39,2001
Hugh,M,48,2002
Hugh,M,54,2003
Hugh,M,66,2004
Hugh,M,62,2005
Hugh,M,56,2006
Hugh,M,65,2007
Hugh,M,76,2008
Hugh,M,82,2009
Hugh,M,59,2010
Hugh,M,79,2011
Hugh,M,73,2013
Hugh,M,54,2017
Oran,M,23,1998
Oran,M,43,1999
Oran,M,27,2000
Oran,M,53,2001
Oran,M,50,2002
Oran,M,77,2003
Oran,M,67,2004
Oran,M,81,2005
Oran,M,64,2006
Oran,M,81,2007
Oran,M,93,2008
Oran,M,87,2009
Oran,M,99,2010
Oran,M,96,2011
Oran,M,150,2012
Oran,M,73,2013
Oran,M,76,2014
Oran,M,57,2017
Sebastian,M,8,1999
Sebastian,M,7,2001
Sebastian,M,7,2002
Sebastian,M,11,2003
Sebastian,M,10,2004
Sebastian,M,12,2005
Sebastian,M,21,2006
Sebastian,M,48,2007
Sebastian,M,53,2008
Sebastian,M,52,2009
Sebastian,M,79,2010
Sebastian,M,88,2011
Sebastian,M,73,2013
Sebastian,M,91,2014
Sebastian,M,74,2015
Sebastian,M,71,2016
Sebastian,M,88,2017
Peter,M,143,1998
Peter,M,140,1999
Peter,M,131,2000
Peter,M,151,2001
Peter,M,128,2002
Peter,M,134,2003
Peter,M,108,2004
Peter,M,117,2005
Peter,M,125,2006
Peter,M,121,2007
Peter,M,127,2008
Peter,M,127,2009
Peter,M,95,2010
Peter,M,90,2011
Peter,M,91,2012
Peter,M,70,2013
Peter,M,101,2014
Peter,M,103,2015
Peter,M,82,2017
Daire,M,36,1998
Daire,M,33,1999
Daire,M,44,2000
Daire,M,50,2001
Daire,M,40,2002
Daire,M,59,2003
Daire,M,63,2004
Daire,M,66,2005
Daire,M,63,2006
Daire,M,52,2007
Daire,M,70,2009
Daire,M,73,2010
Daire,M,66,2011
Daire,M,56,2013
Daire,M,71,2015
Daire,M,62,2017
Filip,M,9,2005
Filip,M,19,2006
Filip,M,47,2007
Filip,M,82,2008
Filip,M,93,2009
Filip,M,108,2010
Filip,M,96,2011
Filip,M,104,2012
Filip,M,69,2013
Filip,M,63,2017
Lee,M,143,1998
Lee,M,143,1999
Lee,M,158,2000
Lee,M,158,2001
Lee,M,153,2002
Lee,M,147,2003
Lee,M,161,2004
Lee,M,162,2005
Lee,M,138,2006
Lee,M,114,2007
Lee,M,87,2009
Lee,M,96,2010
Lee,M,67,2011
Lee,M,52,2013
Lee,M,31,2017
Paul,M,183,1998
Paul,M,189,1999
Paul,M,182,2000
Paul,M,165,2001
Paul,M,154,2002
Paul,M,137,2003
Paul,M,167,2004
Paul,M,145,2005
Paul,M,125,2006
Paul,M,111,2007
Paul,M,113,2008
Paul,M,104,2009
Paul,M,87,2010
Paul,M,81,2011
Paul,M,53,2013
Paul,M,35,2017
Zach,M,62,2008
Zach,M,82,2011
Zach,M,93,2012
Zach,M,68,2013
Zach,M,74,2016
Zach,M,65,2017
Lorcan,M,39,1998
Lorcan,M,50,1999
Lorcan,M,55,2000
Lorcan,M,57,2001
Lorcan,M,51,2002
Lorcan,M,40,2003
Lorcan,M,66,2004
Lorcan,M,50,2005
Lorcan,M,57,2006
Lorcan,M,64,2007
Lorcan,M,82,2009
Lorcan,M,74,2010
Lorcan,M,70,2011
Lorcan,M,61,2013
Lorcan,M,76,2014
Lorcan,M,86,2015
Lorcan,M,75,2016
Lorcan,M,58,2017
Kacper,M,5,2005
Kacper,M,17,2006
Kacper,M,66,2007
Kacper,M,79,2009
Kacper,M,69,2010
Kacper,M,73,2011
Kacper,M,79,2012
Kacper,M,67,2013
Kacper,M,31,2017
Billy,M,12,1998
Billy,M,23,1999
Billy,M,16,2000
Billy,M,25,2001
Billy,M,30,2002
Billy,M,25,2003
Billy,M,54,2004
Billy,M,61,2005
Billy,M,59,2006
Billy,M,54,2007
Billy,M,67,2009
Billy,M,61,2010
Billy,M,77,2011
Billy,M,76,2012
Billy,M,66,2013
Billy,M,81,2014
Billy,M,97,2015
Billy,M,91,2016
Billy,M,95,2017
Kian,M,5,1998
Kian,M,14,1999
Kian,M,50,2000
Kian,M,106,2001
Kian,M,86,2002
Kian,M,106,2003
Kian,M,102,2004
Kian,M,91,2005
Kian,M,77,2006
Kian,M,72,2007
Kian,M,79,2009
Kian,M,60,2010
Kian,M,77,2011
Kian,M,42,2013
Kian,M,27,2017
Dean,M,200,1998
Dean,M,214,1999
Dean,M,157,2000
Dean,M,221,2001
Dean,M,157,2002
Dean,M,147,2003
Dean,M,124,2004
Dean,M,118,2005
Dean,M,106,2006
Dean,M,94,2007
Dean,M,97,2009
Dean,M,68,2010
Dean,M,54,2011
Dean,M,40,2013
Dean,M,34,2017
Richard,M,68,1998
Richard,M,91,1999
Richard,M,64,2000
Richard,M,78,2001
Richard,M,66,2002
Richard,M,50,2003
Richard,M,51,2004
Richard,M,54,2005
Richard,M,45,2006
Richard,M,62,2007
Richard,M,50,2009
Richard,M,58,2010
Richard,M,51,2011
Richard,M,38,2013
Richard,M,45,2017
Daithi,M,6,2000
Daithi,M,8,2002
Daithi,M,11,2003
Daithi,M,9,2004
Daithi,M,16,2005
Daithi,M,23,2006
Daithi,M,49,2007
Daithi,M,52,2008
Daithi,M,60,2009
Daithi,M,77,2010
Daithi,M,78,2011
Daithi,M,69,2013
Daithi,M,78,2015
Daithi,M,87,2016
Daithi,M,102,2017
Calum,M,13,1998
Calum,M,13,1999
Calum,M,20,2000
Calum,M,10,2001
Calum,M,37,2002
Calum,M,46,2003
Calum,M,46,2004
Calum,M,110,2005
Calum,M,179,2006
Calum,M,159,2007
Calum,M,128,2008
Calum,M,82,2009
Calum,M,77,2010
Calum,M,89,2011
Calum,M,35,2013
Calum,M,23,2017
Charles,M,23,1998
Charles,M,32,1999
Charles,M,35,2000
Charles,M,48,2001
Charles,M,39,2002
Charles,M,48,2003
Charles,M,64,2004
Charles,M,62,2005
Charles,M,79,2006
Charles,M,79,2007
Charles,M,76,2009
Charles,M,65,2010
Charles,M,73,2011
Charles,M,66,2013
Charles,M,38,2017
Padraig,M,77,1998
Padraig,M,98,1999
Padraig,M,70,2000
Padraig,M,73,2001
Padraig,M,65,2002
Padraig,M,68,2003
Padraig,M,72,2004
Padraig,M,75,2005
Padraig,M,83,2006
Padraig,M,81,2007
Padraig,M,75,2009
Padraig,M,69,2010
Padraig,M,72,2011
Padraig,M,54,2013
Padraig,M,40,2017
Louis,M,20,1998
Louis,M,28,1999
Louis,M,32,2000
Louis,M,46,2001
Louis,M,32,2002
Louis,M,39,2003
Louis,M,52,2004
Louis,M,50,2005
Louis,M,48,2006
Louis,M,81,2007
Louis,M,71,2009
Louis,M,58,2010
Louis,M,53,2011
Louis,M,55,2013
Louis,M,88,2016
Louis,M,89,2017
Reece,M,35,1998
Reece,M,47,1999
Reece,M,51,2000
Reece,M,68,2001
Reece,M,52,2002
Reece,M,59,2003
Reece,M,45,2004
Reece,M,48,2005
Reece,M,61,2006
Reece,M,73,2007
Reece,M,46,2009
Reece,M,63,2010
Reece,M,54,2011
Reece,M,46,2013
Reece,M,22,2017
Daragh,M,45,1998
Daragh,M,52,1999
Daragh,M,64,2000
Daragh,M,71,2001
Daragh,M,55,2002
Daragh,M,69,2003
Daragh,M,71,2004
Daragh,M,72,2005
Daragh,M,48,2006
Daragh,M,66,2007
Daragh,M,75,2009
Daragh,M,44,2010
Daragh,M,45,2011
Daragh,M,38,2013
Daragh,M,22,2017
Patryk,M,13,2005
Patryk,M,20,2006
Patryk,M,52,2007
Patryk,M,77,2009
Patryk,M,76,2010
Patryk,M,58,2011
Patryk,M,32,2013
Patryk,M,18,2017
Jonathan,M,51,1998
Jonathan,M,57,1999
Jonathan,M,77,2000
Jonathan,M,66,2001
Jonathan,M,66,2002
Jonathan,M,64,2003
Jonathan,M,61,2004
Jonathan,M,70,2005
Jonathan,M,56,2006
Jonathan,M,67,2007
Jonathan,M,65,2009
Jonathan,M,62,2010
Jonathan,M,51,2011
Jonathan,M,47,2013
Jonathan,M,35,2017
Gerard,M,58,1998
Gerard,M,70,1999
Gerard,M,60,2000
Gerard,M,46,2001
Gerard,M,52,2002
Gerard,M,33,2003
Gerard,M,42,2004
Gerard,M,38,2005
Gerard,M,40,2006
Gerard,M,47,2007
Gerard,M,26,2009
Gerard,M,26,2010
Gerard,M,31,2011
Gerard,M,31,2013
Gerard,M,27,2017
Karl,M,74,1998
Karl,M,85,1999
Karl,M,54,2000
Karl,M,74,2001
Karl,M,43,2002
Karl,M,56,2003
Karl,M,59,2004
Karl,M,68,2005
Karl,M,55,2006
Karl,M,47,2007
Karl,M,31,2009
Karl,M,25,2010
Karl,M,19,2011
Karl,M,15,2013
Karl,M,11,2017
Eric,M,66,1998
Eric,M,55,1999
Eric,M,54,2000
Eric,M,45,2001
Eric,M,59,2002
Eric,M,40,2003
Eric,M,58,2004
Eric,M,59,2005
Eric,M,43,2006
Eric,M,46,2007
Eric,M,51,2009
Eric,M,58,2010
Eric,M,49,2011
Eric,M,48,2013
Eric,M,44,2017
George,M,82,2015
George,M,77,2016
George,M,82,2017
Colm,M,82,1998
Colm,M,117,1999
Colm,M,89,2000
Colm,M,87,2001
Colm,M,83,2002
Colm,M,86,2003
Colm,M,88,2004
Colm,M,74,2005
Colm,M,97,2006
Colm,M,85,2007
Colm,M,76,2009
Colm,M,47,2010
Colm,M,54,2011
Colm,M,59,2013
Colm,M,29,2017
Philip,M,49,1998
Philip,M,73,1999
Philip,M,75,2000
Philip,M,52,2001
Philip,M,37,2002
Philip,M,45,2003
Philip,M,41,2004
Philip,M,42,2005
Philip,M,56,2006
Philip,M,51,2007
Philip,M,48,2009
Philip,M,45,2010
Philip,M,35,2011
Philip,M,43,2013
Philip,M,37,2017
Seamus,M,45,1998
Seamus,M,42,1999
Seamus,M,48,2000
Seamus,M,43,2001
Seamus,M,51,2002
Seamus,M,40,2003
Seamus,M,39,2004
Seamus,M,41,2005
Seamus,M,37,2006
Seamus,M,44,2007
Seamus,M,44,2009
Seamus,M,35,2010
Seamus,M,44,2011
Seamus,M,36,2013
Seamus,M,46,2017
Tristan,M,16,1998
Tristan,M,11,1999
Tristan,M,22,2000
Tristan,M,24,2001
Tristan,M,31,2002
Tristan,M,30,2003
Tristan,M,28,2004
Tristan,M,45,2005
Tristan,M,62,2006
Tristan,M,54,2007
Tristan,M,64,2009
Tristan,M,62,2010
Tristan,M,54,2011
Tristan,M,45,2013
Tristan,M,33,2017
Brendan,M,60,1998
Brendan,M,66,1999
Brendan,M,73,2000
Brendan,M,59,2001
Brendan,M,65,2002
Brendan,M,75,2003
Brendan,M,57,2004
Brendan,M,51,2005
Brendan,M,55,2006
Brendan,M,43,2007
Brendan,M,36,2009
Brendan,M,45,2010
Brendan,M,42,2011
Brendan,M,30,2013
Brendan,M,25,2017
Shaun,M,49,1998
Shaun,M,55,1999
Shaun,M,47,2000
Shaun,M,50,2001
Shaun,M,31,2002
Shaun,M,49,2003
Shaun,M,45,2004
Shaun,M,38,2005
Shaun,M,29,2006
Shaun,M,42,2007
Shaun,M,24,2009
Shaun,M,14,2010
Shaun,M,22,2011
Shaun,M,13,2013
Shaun,M,7,2017
Steven,M,53,1998
Steven,M,47,1999
Steven,M,53,2000
Steven,M,33,2001
Steven,M,50,2002
Steven,M,39,2003
Steven,M,34,2004
Steven,M,42,2005
Steven,M,38,2006
Steven,M,42,2007
Steven,M,39,2009
Steven,M,24,2010
Steven,M,21,2011
Steven,M,15,2013
Steven,M,6,2017
Brandon,M,67,1998
Brandon,M,89,1999
Brandon,M,88,2000
Brandon,M,67,2001
Brandon,M,92,2002
Brandon,M,80,2003
Brandon,M,85,2004
Brandon,M,63,2005
Brandon,M,84,2006
Brandon,M,74,2007
Brandon,M,59,2009
Brandon,M,62,2010
Brandon,M,40,2011
Brandon,M,49,2013
Brandon,M,14,2017
Diarmuid,M,39,1998
Diarmuid,M,51,1999
Diarmuid,M,62,2000
Diarmuid,M,67,2001
Diarmuid,M,75,2002
Diarmuid,M,56,2003
Diarmuid,M,68,2004
Diarmuid,M,84,2005
Diarmuid,M,69,2006
Diarmuid,M,85,2007
Diarmuid,M,42,2009
Diarmuid,M,65,2010
Diarmuid,M,49,2011
Diarmuid,M,40,2013
Diarmuid,M,47,2017
Ross,M,171,1998
Ross,M,155,1999
Ross,M,124,2000
Ross,M,106,2001
Ross,M,85,2002
Ross,M,94,2003
Ross,M,139,2004
Ross,M,115,2005
Ross,M,83,2006
Ross,M,76,2007
Ross,M,97,2009
Ross,M,69,2010
Ross,M,68,2011
Ross,M,69,2013
Ross,M,34,2017
Cameron,M,29,1998
Cameron,M,47,1999
Cameron,M,61,2000
Cameron,M,44,2001
Cameron,M,49,2002
Cameron,M,57,2003
Cameron,M,51,2004
Cameron,M,47,2005
Cameron,M,70,2006
Cameron,M,75,2007
Cameron,M,75,2009
Cameron,M,74,2010
Cameron,M,63,2011
Cameron,M,63,2013
Cameron,M,42,2017
Gavin,M,142,1998
Gavin,M,110,1999
Gavin,M,126,2000
Gavin,M,124,2001
Gavin,M,121,2002
Gavin,M,113,2003
Gavin,M,123,2004
Gavin,M,115,2005
Gavin,M,95,2006
Gavin,M,123,2007
Gavin,M,91,2009
Gavin,M,62,2010
Gavin,M,49,2011
Gavin,M,49,2013
Gavin,M,26,2017
Connor,M,69,1998
Connor,M,35,1999
Connor,M,44,2000
Connor,M,49,2001
Connor,M,61,2002
Connor,M,80,2003
Connor,M,75,2004
Connor,M,49,2005
Connor,M,65,2006
Connor,M,57,2007
Connor,M,60,2009
Connor,M,56,2010
Connor,M,51,2011
Connor,M,31,2013
Connor,M,15,2017
Christian,M,35,1998
Christian,M,29,1999
Christian,M,42,2000
Christian,M,33,2001
Christian,M,40,2002
Christian,M,51,2003
Christian,M,64,2004
Christian,M,69,2005
Christian,M,62,2006
Christian,M,81,2007
Christian,M,76,2009
Christian,M,61,2010
Christian,M,61,2011
Christian,M,32,2013
Christian,M,30,2017
Marcus,M,16,1998
Marcus,M,24,1999
Marcus,M,22,2000
Marcus,M,24,2001
Marcus,M,20,2002
Marcus,M,35,2003
Marcus,M,32,2004
Marcus,M,22,2005
Marcus,M,34,2006
Marcus,M,37,2007
Marcus,M,26,2009
Marcus,M,35,2010
Marcus,M,40,2011
Marcus,M,34,2013
Marcus,M,37,2017
Keith,M,88,1998
Keith,M,79,1999
Keith,M,61,2000
Keith,M,81,2001
Keith,M,71,2002
Keith,M,64,2003
Keith,M,43,2004
Keith,M,44,2005
Keith,M,38,2006
Keith,M,35,2007
Keith,M,31,2009
Keith,M,22,2010
Keith,M,12,2011
Keith,M,10,2013
Keith,M,6,2017
Darren,M,139,1998
Darren,M,142,1999
Darren,M,133,2000
Darren,M,110,2001
Darren,M,87,2002
Darren,M,80,2003
Darren,M,87,2004
Darren,M,76,2005
Darren,M,71,2006
Darren,M,53,2007
Darren,M,54,2009
Darren,M,58,2010
Darren,M,47,2011
Darren,M,48,2013
Darren,M,23,2017
Dillon,M,48,1998
Dillon,M,59,1999
Dillon,M,45,2000
Dillon,M,37,2001
Dillon,M,37,2002
Dillon,M,48,2003
Dillon,M,33,2004
Dillon,M,32,2005
Dillon,M,25,2006
Dillon,M,33,2007
Dillon,M,31,2009
Dillon,M,27,2010
Dillon,M,36,2011
Dillon,M,28,2013
Dillon,M,19,2017
Owen,M,55,1998
Owen,M,65,1999
Owen,M,62,2000
Owen,M,67,2001
Owen,M,65,2002
Owen,M,53,2003
Owen,M,67,2004
Owen,M,67,2005
Owen,M,68,2006
Owen,M,59,2007
Owen,M,63,2009
Owen,M,60,2010
Owen,M,52,2011
Owen,M,39,2013
Owen,M,21,2017
Colin,M,70,1998
Colin,M,71,1999
Colin,M,70,2000
Colin,M,58,2001
Colin,M,43,2002
Colin,M,75,2003
Colin,M,99,2004
Colin,M,59,2005
Colin,M,71,2006
Colin,M,64,2007
Colin,M,60,2009
Colin,M,50,2010
Colin,M,41,2011
Colin,M,30,2013
Colin,M,17,2017
Muhammad,M,85,2016
Muhammad,M,83,2017
Henry,M,85,2014
Henry,M,88,2015
Henry,M,94,2016
Henry,M,87,2017
Glen,M,46,1998
Glen,M,44,1999
Glen,M,37,2000
Glen,M,37,2001
Glen,M,25,2002
Glen,M,30,2003
Glen,M,30,2004
Glen,M,37,2005
Glen,M,18,2006
Glen,M,30,2007
Glen,M,15,2009
Glen,M,9,2010
Glen,M,19,2011
Glen,M,6,2013
Glen,M,4,2017
Szymon,M,16,2006
Szymon,M,30,2007
Szymon,M,76,2009
Szymon,M,62,2010
Szymon,M,65,2011
Szymon,M,38,2013
Szymon,M,43,2017
Simon,M,46,1998
Simon,M,43,1999
Simon,M,44,2000
Simon,M,45,2001
Simon,M,36,2002
Simon,M,46,2003
Simon,M,49,2004
Simon,M,43,2005
Simon,M,49,2006
Simon,M,48,2007
Simon,M,33,2009
Simon,M,36,2010
Simon,M,50,2011
Simon,M,36,2013
Simon,M,28,2017
Barry,M,53,1998
Barry,M,56,1999
Barry,M,57,2000
Barry,M,43,2001
Barry,M,37,2002
Barry,M,35,2003
Barry,M,44,2004
Barry,M,36,2005
Barry,M,36,2006
Barry,M,28,2007
Barry,M,25,2009
Barry,M,16,2010
Barry,M,21,2011
Barry,M,11,2013
Barry,M,7,2017
Declan,M,44,1998
Declan,M,45,1999
Declan,M,44,2000
Declan,M,40,2001
Declan,M,41,2002
Declan,M,37,2003
Declan,M,45,2004
Declan,M,36,2005
Declan,M,36,2006
Declan,M,27,2007
Declan,M,32,2009
Declan,M,33,2010
Declan,M,28,2011
Declan,M,22,2013
Declan,M,7,2017
Emmet,M,45,1998
Emmet,M,26,1999
Emmet,M,41,2000
Emmet,M,38,2001
Emmet,M,34,2002
Emmet,M,38,2003
Emmet,M,32,2004
Emmet,M,33,2005
Emmet,M,30,2006
Emmet,M,27,2007
Emmet,M,31,2009
Emmet,M,24,2010
Emmet,M,28,2011
Emmet,M,17,2013
Emmet,M,11,2017
Denis,M,32,1998
Denis,M,40,1999
Denis,M,38,2000
Denis,M,39,2001
Denis,M,54,2002
Denis,M,41,2003
Denis,M,39,2004
Denis,M,37,2005
Denis,M,48,2006
Denis,M,52,2007
Denis,M,39,2009
Denis,M,36,2010
Denis,M,41,2011
Denis,M,40,2013
Denis,M,42,2017
Jordan,M,270,1998
Jordan,M,308,1999
Jordan,M,315,2000
Jordan,M,249,2001
Jordan,M,171,2002
Jordan,M,114,2003
Jordan,M,60,2004
Jordan,M,37,2005
Jordan,M,33,2006
Jordan,M,27,2007
Jordan,M,29,2009
Jordan,M,16,2010
Jordan,M,20,2011
Jordan,M,28,2013
Jordan,M,32,2017
Donal,M,48,1998
Donal,M,52,1999
Donal,M,41,2000
Donal,M,37,2001
Donal,M,33,2002
Donal,M,31,2003
Donal,M,31,2004
Donal,M,43,2005
Donal,M,36,2006
Donal,M,26,2007
Donal,M,40,2009
Donal,M,33,2010
Donal,M,36,2011
Donal,M,29,2013
Donal,M,17,2017
Ian,M,90,1998
Ian,M,90,1999
Ian,M,70,2000
Ian,M,65,2001
Ian,M,73,2002
Ian,M,56,2003
Ian,M,38,2004
Ian,M,46,2005
Ian,M,39,2006
Ian,M,26,2007
Ian,M,33,2009
Ian,M,19,2010
Ian,M,16,2011
Ian,M,17,2013
Ian,M,18,2017
Gary,M,69,1998
Gary,M,82,1999
Gary,M,58,2000
Gary,M,50,2001
Gary,M,64,2002
Gary,M,41,2003
Gary,M,50,2004
Gary,M,27,2005
Gary,M,36,2006
Gary,M,24,2007
Gary,M,30,2009
Gary,M,17,2010
Gary,M,26,2011
Gary,M,10,2013
Gary,M,7,2017
Neil,M,35,1998
Neil,M,47,1999
Neil,M,46,2000
Neil,M,32,2001
Neil,M,34,2002
Neil,M,32,2003
Neil,M,28,2004
Neil,M,26,2005
Neil,M,24,2006
Neil,M,24,2007
Neil,M,11,2009
Neil,M,25,2010
Neil,M,14,2011
Neil,M,13,2013
Neil,M,13,2017
Hugo,M,80,2014
Hugo,M,80,2015
Hugo,M,82,2016
Hugo,M,78,2017
Craig,M,120,1998
Craig,M,133,1999
Craig,M,140,2000
Craig,M,185,2001
Craig,M,111,2002
Craig,M,111,2003
Craig,M,91,2004
Craig,M,71,2005
Craig,M,77,2006
Craig,M,64,2007
Craig,M,33,2009
Craig,M,39,2010
Craig,M,23,2011
Craig,M,24,2013
Craig,M,11,2017
Kieran,M,81,1998
Kieran,M,81,1999
Kieran,M,109,2000
Kieran,M,85,2001
Kieran,M,94,2002
Kieran,M,87,2003
Kieran,M,89,2004
Kieran,M,70,2005
Kieran,M,57,2006
Kieran,M,75,2007
Kieran,M,42,2009
Kieran,M,52,2010
Kieran,M,46,2011
Kieran,M,42,2013
Kieran,M,25,2017
Emmanuel,M,5,1998
Emmanuel,M,10,1999
Emmanuel,M,10,2000
Emmanuel,M,28,2001
Emmanuel,M,44,2002
Emmanuel,M,57,2003
Emmanuel,M,46,2004
Emmanuel,M,26,2005
Emmanuel,M,30,2006
Emmanuel,M,19,2007
Emmanuel,M,31,2009
Emmanuel,M,30,2010
Emmanuel,M,14,2011
Emmanuel,M,9,2013
Emmanuel,M,12,2017
Ollie,M,97,2012
Ollie,M,91,2014
Ollie,M,118,2015
Ollie,M,150,2016
Ollie,M,179,2017
Luca,M,78,2014
Luca,M,71,2015
Luca,M,77,2016
Luca,M,6,2017
